IndicatorName,IndicatorCode,Location,LocationCode,Year,Disaggregation,NumericValue,DisplayValue,Comments
Diphtheria-tetanus-pertussis (DTP3) immunization coverage among 1-year-olds (%),WHS4_100,Afghanistan,AFG,2023,,60.0,60,
Diphtheria-tetanus-pertussis (DTP3) immunization coverage among 1-year-olds (%),WHS4_100,African Region,AFR,2023,,74.0,74,
Diphtheria-tetanus-pertussis (DTP3) immunization coverage among 1-year-olds (%),WHS4_100,Albania,ALB,2023,,97.0,97,
Diphtheria-tetanus-pertussis (DTP3) immunization coverage among 1-year-olds (%),WHS4_100,Algeria,DZA,2023,,92.0,92,
Diphtheria-tetanus-pertussis (DTP3) immunization coverage among 1-year-olds (%),WHS4_100,Andorra,AND,2023,,98.0,98,
Diphtheria-tetanus-pertussis (DTP3) immunization coverage among 1-year-olds (%),WHS4_100,Angola,AGO,2023,,54.0,54,
Diphtheria-tetanus-pertussis (DTP3) immunization coverage among 1-year-olds (%),WHS4_100,Antigua and Barbuda,ATG,2023,,97.0,97,
Diphtheria-tetanus-pertussis (DTP3) immunization coverage among 1-year-olds (%),WHS4_100,Argentina,ARG,2023,,66.0,66,
Diphtheria-tetanus-pertussis (DTP3) immunization coverage among 1-year-olds (%),WHS4_100,Armenia,ARM,2023,,94.0,94,
Diphtheria-tetanus-pertussis (DTP3) immunization coverage among 1-year-olds (%),WHS4_100,Australia,AUS,2023,,94.0,94,
Diphtheria-tetanus-pertussis (DTP3) immunization coverage among 1-year-olds (%),WHS4_100,Austria,AUT,2023,,84.0,84,
Diphtheria-tetanus-pertussis (DTP3) immunization coverage among 1-year-olds (%),WHS4_100,Azerbaijan,AZE,2023,,83.0,83,
Diphtheria-tetanus-pertussis (DTP3) immunization coverage among 1-year-olds (%),WHS4_100,Bahamas,BHS,2023,,87.0,87,
Diphtheria-tetanus-pertussis (DTP3) immunization coverage among 1-year-olds (%),WHS4_100,Bahrain,BHR,2023,,99.0,99,
Diphtheria-tetanus-pertussis (DTP3) immunization coverage among 1-year-olds (%),WHS4_100,Bangladesh,BGD,2023,,98.0,98,
Diphtheria-tetanus-pertussis (DTP3) immunization coverage among 1-year-olds (%),WHS4_100,Barbados,BRB,2023,,85.0,85,
Diphtheria-tetanus-pertussis (DTP3) immunization coverage among 1-year-olds (%),WHS4_100,Belarus,BLR,2023,,98.0,98,
Diphtheria-tetanus-pertussis (DTP3) immunization coverage among 1-year-olds (%),WHS4_100,Belgium,BEL,2023,,98.0,98,
Diphtheria-tetanus-pertussis (DTP3) immunization coverage among 1-year-olds (%),WHS4_100,Belize,BLZ,2023,,85.0,85,
Diphtheria-tetanus-pertussis (DTP3) immunization coverage among 1-year-olds (%),WHS4_100,Benin,BEN,2023,,69.0,69,
Diphtheria-tetanus-pertussis (DTP3) immunization coverage among 1-year-olds (%),WHS4_100,Bhutan,BTN,2023,,99.0,99,
Diphtheria-tetanus-pertussis (DTP3) immunization coverage among 1-year-olds (%),WHS4_100,Bolivia (Plurinational State of),BOL,2023,,67.0,67,
Diphtheria-tetanus-pertussis (DTP3) immunization coverage among 1-year-olds (%),WHS4_100,Bosnia and Herzegovina,BIH,2023,,73.0,73,
Diphtheria-tetanus-pertussis (DTP3) immunization coverage among 1-year-olds (%),WHS4_100,Botswana,BWA,2023,,95.0,95,
Diphtheria-tetanus-pertussis (DTP3) immunization coverage among 1-year-olds (%),WHS4_100,Brazil,BRA,2023,,90.0,90,
Diphtheria-tetanus-pertussis (DTP3) immunization coverage among 1-year-olds (%),WHS4_100,Brunei Darussalam,BRN,2023,,99.0,99,
Diphtheria-tetanus-pertussis (DTP3) immunization coverage among 1-year-olds (%),WHS4_100,Bulgaria,BGR,2023,,92.0,92,
Diphtheria-tetanus-pertussis (DTP3) immunization coverage among 1-year-olds (%),WHS4_100,Burkina Faso,BFA,2023,,94.0,94,
Diphtheria-tetanus-pertussis (DTP3) immunization coverage among 1-year-olds (%),WHS4_100,Burundi,BDI,2023,,89.0,89,
Diphtheria-tetanus-pertussis (DTP3) immunization coverage among 1-year-olds (%),WHS4_100,Cabo Verde,CPV,2023,,93.0,93,
Diphtheria-tetanus-pertussis (DTP3) immunization coverage among 1-year-olds (%),WHS4_100,Cambodia,KHM,2023,,85.0,85,
Diphtheria-tetanus-pertussis (DTP3) immunization coverage among 1-year-olds (%),WHS4_100,Cameroon,CMR,2023,,75.0,75,
Diphtheria-tetanus-pertussis (DTP3) immunization coverage among 1-year-olds (%),WHS4_100,Canada,CAN,2023,,92.0,92,
Diphtheria-tetanus-pertussis (DTP3) immunization coverage among 1-year-olds (%),WHS4_100,Central African Republic,CAF,2023,,42.0,42,
Diphtheria-tetanus-pertussis (DTP3) immunization coverage among 1-year-olds (%),WHS4_100,Chad,TCD,2023,,67.0,67,
Diphtheria-tetanus-pertussis (DTP3) immunization coverage among 1-year-olds (%),WHS4_100,Chile,CHL,2023,,96.0,96,
Diphtheria-tetanus-pertussis (DTP3) immunization coverage among 1-year-olds (%),WHS4_100,China,CHN,2023,,97.0,97,
Diphtheria-tetanus-pertussis (DTP3) immunization coverage among 1-year-olds (%),WHS4_100,Colombia,COL,2023,,90.0,90,
Diphtheria-tetanus-pertussis (DTP3) immunization coverage among 1-year-olds (%),WHS4_100,Comoros,COM,2023,,75.0,75,
Diphtheria-tetanus-pertussis (DTP3) immunization coverage among 1-year-olds (%),WHS4_100,Congo,COG,2023,,78.0,78,
Diphtheria-tetanus-pertussis (DTP3) immunization coverage among 1-year-olds (%),WHS4_100,Cook Islands,COK,2023,,86.0,86,
Diphtheria-tetanus-pertussis (DTP3) immunization coverage among 1-year-olds (%),WHS4_100,Costa Rica,CRI,2023,,99.0,99,
Diphtheria-tetanus-pertussis (DTP3) immunization coverage among 1-year-olds (%),WHS4_100,Côte d'Ivoire,CIV,2023,,79.0,79,
Diphtheria-tetanus-pertussis (DTP3) immunization coverage among 1-year-olds (%),WHS4_100,Croatia,HRV,2023,,93.0,93,
Diphtheria-tetanus-pertussis (DTP3) immunization coverage among 1-year-olds (%),WHS4_100,Cuba,CUB,2023,,99.0,99,
Diphtheria-tetanus-pertussis (DTP3) immunization coverage among 1-year-olds (%),WHS4_100,Cyprus,CYP,2023,,95.0,95,
Diphtheria-tetanus-pertussis (DTP3) immunization coverage among 1-year-olds (%),WHS4_100,Czechia,CZE,2023,,94.0,94,
Diphtheria-tetanus-pertussis (DTP3) immunization coverage among 1-year-olds (%),WHS4_100,Democratic People's Republic of Korea,PRK,2023,,16.0,16,
Diphtheria-tetanus-pertussis (DTP3) immunization coverage among 1-year-olds (%),WHS4_100,Democratic Republic of the Congo,COD,2023,,60.0,60,
Diphtheria-tetanus-pertussis (DTP3) immunization coverage among 1-year-olds (%),WHS4_100,Denmark,DNK,2023,,97.0,97,
Diphtheria-tetanus-pertussis (DTP3) immunization coverage among 1-year-olds (%),WHS4_100,Djibouti,DJI,2023,,72.0,72,
Diphtheria-tetanus-pertussis (DTP3) immunization coverage among 1-year-olds (%),WHS4_100,Dominica,DMA,2023,,56.0,56,
Diphtheria-tetanus-pertussis (DTP3) immunization coverage among 1-year-olds (%),WHS4_100,Dominican Republic,DOM,2023,,90.0,90,
Diphtheria-tetanus-pertussis (DTP3) immunization coverage among 1-year-olds (%),WHS4_100,Eastern Mediterranean Region,EMR,2023,,79.0,79,
Diphtheria-tetanus-pertussis (DTP3) immunization coverage among 1-year-olds (%),WHS4_100,Ecuador,ECU,2023,,70.0,70,
Diphtheria-tetanus-pertussis (DTP3) immunization coverage among 1-year-olds (%),WHS4_100,Egypt,EGY,2023,,96.0,96,
Diphtheria-tetanus-pertussis (DTP3) immunization coverage among 1-year-olds (%),WHS4_100,El Salvador,SLV,2023,,96.0,96,
Diphtheria-tetanus-pertussis (DTP3) immunization coverage among 1-year-olds (%),WHS4_100,Equatorial Guinea,GNQ,2023,,74.0,74,
Diphtheria-tetanus-pertussis (DTP3) immunization coverage among 1-year-olds (%),WHS4_100,Eritrea,ERI,2023,,95.0,95,
Diphtheria-tetanus-pertussis (DTP3) immunization coverage among 1-year-olds (%),WHS4_100,Estonia,EST,2023,,90.0,90,
Diphtheria-tetanus-pertussis (DTP3) immunization coverage among 1-year-olds (%),WHS4_100,Eswatini,SWZ,2023,,85.0,85,
Diphtheria-tetanus-pertussis (DTP3) immunization coverage among 1-year-olds (%),WHS4_100,Ethiopia,ETH,2023,,72.0,72,
Diphtheria-tetanus-pertussis (DTP3) immunization coverage among 1-year-olds (%),WHS4_100,European Region,EUR,2023,,95.0,95,
Diphtheria-tetanus-pertussis (DTP3) immunization coverage among 1-year-olds (%),WHS4_100,Fiji,FJI,2023,,99.0,99,
Diphtheria-tetanus-pertussis (DTP3) immunization coverage among 1-year-olds (%),WHS4_100,Finland,FIN,2023,,91.0,91,
Diphtheria-tetanus-pertussis (DTP3) immunization coverage among 1-year-olds (%),WHS4_100,France,FRA,2023,,96.0,96,
Diphtheria-tetanus-pertussis (DTP3) immunization coverage among 1-year-olds (%),WHS4_100,Gabon,GAB,2023,,70.0,70,
Diphtheria-tetanus-pertussis (DTP3) immunization coverage among 1-year-olds (%),WHS4_100,Gambia,GMB,2023,,84.0,84,
Diphtheria-tetanus-pertussis (DTP3) immunization coverage among 1-year-olds (%),WHS4_100,Georgia,GEO,2023,,88.0,88,
Diphtheria-tetanus-pertussis (DTP3) immunization coverage among 1-year-olds (%),WHS4_100,Germany,DEU,2023,,91.0,91,
Diphtheria-tetanus-pertussis (DTP3) immunization coverage among 1-year-olds (%),WHS4_100,Ghana,GHA,2023,,95.0,95,
Diphtheria-tetanus-pertussis (DTP3) immunization coverage among 1-year-olds (%),WHS4_100,Global,GLOBAL,2023,,84.0,84,
Diphtheria-tetanus-pertussis (DTP3) immunization coverage among 1-year-olds (%),WHS4_100,Greece,GRC,2023,,99.0,99,
Diphtheria-tetanus-pertussis (DTP3) immunization coverage among 1-year-olds (%),WHS4_100,Grenada,GRD,2023,,86.0,86,
Diphtheria-tetanus-pertussis (DTP3) immunization coverage among 1-year-olds (%),WHS4_100,Guatemala,GTM,2023,,83.0,83,
Diphtheria-tetanus-pertussis (DTP3) immunization coverage among 1-year-olds (%),WHS4_100,Guinea,GIN,2023,,47.0,47,
Diphtheria-tetanus-pertussis (DTP3) immunization coverage among 1-year-olds (%),WHS4_100,Guinea-Bissau,GNB,2023,,74.0,74,
Diphtheria-tetanus-pertussis (DTP3) immunization coverage among 1-year-olds (%),WHS4_100,Guyana,GUY,2023,,98.0,98,
Diphtheria-tetanus-pertussis (DTP3) immunization coverage among 1-year-olds (%),WHS4_100,Haiti,HTI,2023,,51.0,51,
Diphtheria-tetanus-pertussis (DTP3) immunization coverage among 1-year-olds (%),WHS4_100,Honduras,HND,2023,,73.0,73,
Diphtheria-tetanus-pertussis (DTP3) immunization coverage among 1-year-olds (%),WHS4_100,Hungary,HUN,2023,,99.0,99,
Diphtheria-tetanus-pertussis (DTP3) immunization coverage among 1-year-olds (%),WHS4_100,Iceland,ISL,2023,,92.0,92,
Diphtheria-tetanus-pertussis (DTP3) immunization coverage among 1-year-olds (%),WHS4_100,India,IND,2023,,91.0,91,
Diphtheria-tetanus-pertussis (DTP3) immunization coverage among 1-year-olds (%),WHS4_100,Indonesia,IDN,2023,,83.0,83,
Diphtheria-tetanus-pertussis (DTP3) immunization coverage among 1-year-olds (%),WHS4_100,Iran (Islamic Republic of),IRN,2023,,99.0,99,
Diphtheria-tetanus-pertussis (DTP3) immunization coverage among 1-year-olds (%),WHS4_100,Iraq,IRQ,2023,,91.0,91,
Diphtheria-tetanus-pertussis (DTP3) immunization coverage among 1-year-olds (%),WHS4_100,Ireland,IRL,2023,,89.0,89,
Diphtheria-tetanus-pertussis (DTP3) immunization coverage among 1-year-olds (%),WHS4_100,Israel,ISR,2023,,98.0,98,
Diphtheria-tetanus-pertussis (DTP3) immunization coverage among 1-year-olds (%),WHS4_100,Italy,ITA,2023,,95.0,95,
Diphtheria-tetanus-pertussis (DTP3) immunization coverage among 1-year-olds (%),WHS4_100,Jamaica,JAM,2023,,98.0,98,
Diphtheria-tetanus-pertussis (DTP3) immunization coverage among 1-year-olds (%),WHS4_100,Japan,JPN,2023,,98.0,98,
Diphtheria-tetanus-pertussis (DTP3) immunization coverage among 1-year-olds (%),WHS4_100,Jordan,JOR,2023,,96.0,96,
Diphtheria-tetanus-pertussis (DTP3) immunization coverage among 1-year-olds (%),WHS4_100,Kazakhstan,KAZ,2023,,99.0,99,
Diphtheria-tetanus-pertussis (DTP3) immunization coverage among 1-year-olds (%),WHS4_100,Kenya,KEN,2023,,93.0,93,
Diphtheria-tetanus-pertussis (DTP3) immunization coverage among 1-year-olds (%),WHS4_100,Kiribati,KIR,2023,,90.0,90,
Diphtheria-tetanus-pertussis (DTP3) immunization coverage among 1-year-olds (%),WHS4_100,Kuwait,KWT,2023,,99.0,99,
Diphtheria-tetanus-pertussis (DTP3) immunization coverage among 1-year-olds (%),WHS4_100,Kyrgyzstan,KGZ,2023,,86.0,86,
Diphtheria-tetanus-pertussis (DTP3) immunization coverage among 1-year-olds (%),WHS4_100,Lao People's Democratic Republic,LAO,2023,,84.0,84,
Diphtheria-tetanus-pertussis (DTP3) immunization coverage among 1-year-olds (%),WHS4_100,Latvia,LVA,2023,,98.0,98,
Diphtheria-tetanus-pertussis (DTP3) immunization coverage among 1-year-olds (%),WHS4_100,Lebanon,LBN,2023,,55.0,55,
Diphtheria-tetanus-pertussis (DTP3) immunization coverage among 1-year-olds (%),WHS4_100,Lesotho,LSO,2023,,87.0,87,
Diphtheria-tetanus-pertussis (DTP3) immunization coverage among 1-year-olds (%),WHS4_100,Liberia,LBR,2023,,82.0,82,
Diphtheria-tetanus-pertussis (DTP3) immunization coverage among 1-year-olds (%),WHS4_100,Libya,LBY,2023,,73.0,73,
Diphtheria-tetanus-pertussis (DTP3) immunization coverage among 1-year-olds (%),WHS4_100,Lithuania,LTU,2023,,90.0,90,
Diphtheria-tetanus-pertussis (DTP3) immunization coverage among 1-year-olds (%),WHS4_100,Luxembourg,LUX,2023,,99.0,99,
Diphtheria-tetanus-pertussis (DTP3) immunization coverage among 1-year-olds (%),WHS4_100,Madagascar,MDG,2023,,65.0,65,
Diphtheria-tetanus-pertussis (DTP3) immunization coverage among 1-year-olds (%),WHS4_100,Malawi,MWI,2023,,91.0,91,
Diphtheria-tetanus-pertussis (DTP3) immunization coverage among 1-year-olds (%),WHS4_100,Malaysia,MYS,2023,,97.0,97,
Diphtheria-tetanus-pertussis (DTP3) immunization coverage among 1-year-olds (%),WHS4_100,Maldives,MDV,2023,,99.0,99,
Diphtheria-tetanus-pertussis (DTP3) immunization coverage among 1-year-olds (%),WHS4_100,Mali,MLI,2023,,77.0,77,
Diphtheria-tetanus-pertussis (DTP3) immunization coverage among 1-year-olds (%),WHS4_100,Malta,MLT,2023,,98.0,98,
Diphtheria-tetanus-pertussis (DTP3) immunization coverage among 1-year-olds (%),WHS4_100,Marshall Islands,MHL,2023,,85.0,85,
Diphtheria-tetanus-pertussis (DTP3) immunization coverage among 1-year-olds (%),WHS4_100,Mauritania,MRT,2023,,90.0,90,
Diphtheria-tetanus-pertussis (DTP3) immunization coverage among 1-year-olds (%),WHS4_100,Mauritius,MUS,2023,,96.0,96,
Diphtheria-tetanus-pertussis (DTP3) immunization coverage among 1-year-olds (%),WHS4_100,Mexico,MEX,2023,,85.0,85,
Diphtheria-tetanus-pertussis (DTP3) immunization coverage among 1-year-olds (%),WHS4_100,Micronesia (Federated States of),FSM,2023,,79.0,79,
Diphtheria-tetanus-pertussis (DTP3) immunization coverage among 1-year-olds (%),WHS4_100,Monaco,MCO,2023,,99.0,99,
Diphtheria-tetanus-pertussis (DTP3) immunization coverage among 1-year-olds (%),WHS4_100,Mongolia,MNG,2023,,96.0,96,
Diphtheria-tetanus-pertussis (DTP3) immunization coverage among 1-year-olds (%),WHS4_100,Montenegro,MNE,2023,,81.0,81,
Diphtheria-tetanus-pertussis (DTP3) immunization coverage among 1-year-olds (%),WHS4_100,Morocco,MAR,2023,,99.0,99,
Diphtheria-tetanus-pertussis (DTP3) immunization coverage among 1-year-olds (%),WHS4_100,Mozambique,MOZ,2023,,70.0,70,
Diphtheria-tetanus-pertussis (DTP3) immunization coverage among 1-year-olds (%),WHS4_100,Myanmar,MMR,2023,,76.0,76,
Diphtheria-tetanus-pertussis (DTP3) immunization coverage among 1-year-olds (%),WHS4_100,Namibia,NAM,2023,,83.0,83,
Diphtheria-tetanus-pertussis (DTP3) immunization coverage among 1-year-olds (%),WHS4_100,Nauru,NRU,2023,,99.0,99,
Diphtheria-tetanus-pertussis (DTP3) immunization coverage among 1-year-olds (%),WHS4_100,Nepal,NPL,2023,,94.0,94,
Diphtheria-tetanus-pertussis (DTP3) immunization coverage among 1-year-olds (%),WHS4_100,Netherlands (Kingdom of the),NLD,2023,,92.0,92,
Diphtheria-tetanus-pertussis (DTP3) immunization coverage among 1-year-olds (%),WHS4_100,New Zealand,NZL,2023,,88.0,88,
Diphtheria-tetanus-pertussis (DTP3) immunization coverage among 1-year-olds (%),WHS4_100,Nicaragua,NIC,2023,,89.0,89,
Diphtheria-tetanus-pertussis (DTP3) immunization coverage among 1-year-olds (%),WHS4_100,Niger,NER,2023,,85.0,85,
Diphtheria-tetanus-pertussis (DTP3) immunization coverage among 1-year-olds (%),WHS4_100,Nigeria,NGA,2023,,62.0,62,
Diphtheria-tetanus-pertussis (DTP3) immunization coverage among 1-year-olds (%),WHS4_100,Niue,NIU,2023,,99.0,99,
Diphtheria-tetanus-pertussis (DTP3) immunization coverage among 1-year-olds (%),WHS4_100,North Macedonia,MKD,2023,,86.0,86,
Diphtheria-tetanus-pertussis (DTP3) immunization coverage among 1-year-olds (%),WHS4_100,Norway,NOR,2023,,96.0,96,
Diphtheria-tetanus-pertussis (DTP3) immunization coverage among 1-year-olds (%),WHS4_100,"occupied Palestinian territory, including east Jerusalem",PSE,2023,,88.0,88,
Diphtheria-tetanus-pertussis (DTP3) immunization coverage among 1-year-olds (%),WHS4_100,Oman,OMN,2023,,99.0,99,
Diphtheria-tetanus-pertussis (DTP3) immunization coverage among 1-year-olds (%),WHS4_100,Pakistan,PAK,2023,,86.0,86,
Diphtheria-tetanus-pertussis (DTP3) immunization coverage among 1-year-olds (%),WHS4_100,Palau,PLW,2023,,97.0,97,
Diphtheria-tetanus-pertussis (DTP3) immunization coverage among 1-year-olds (%),WHS4_100,Panama,PAN,2023,,66.0,66,
Diphtheria-tetanus-pertussis (DTP3) immunization coverage among 1-year-olds (%),WHS4_100,Papua New Guinea,PNG,2023,,35.0,35,
Diphtheria-tetanus-pertussis (DTP3) immunization coverage among 1-year-olds (%),WHS4_100,Paraguay,PRY,2023,,71.0,71,
Diphtheria-tetanus-pertussis (DTP3) immunization coverage among 1-year-olds (%),WHS4_100,Peru,PER,2023,,84.0,84,
Diphtheria-tetanus-pertussis (DTP3) immunization coverage among 1-year-olds (%),WHS4_100,Philippines,PHL,2023,,89.0,89,
Diphtheria-tetanus-pertussis (DTP3) immunization coverage among 1-year-olds (%),WHS4_100,Poland,POL,2023,,94.0,94,
Diphtheria-tetanus-pertussis (DTP3) immunization coverage among 1-year-olds (%),WHS4_100,Portugal,PRT,2023,,99.0,99,
Diphtheria-tetanus-pertussis (DTP3) immunization coverage among 1-year-olds (%),WHS4_100,Qatar,QAT,2023,,95.0,95,
Diphtheria-tetanus-pertussis (DTP3) immunization coverage among 1-year-olds (%),WHS4_100,Region of the Americas,AMR,2023,,86.0,86,
Diphtheria-tetanus-pertussis (DTP3) immunization coverage among 1-year-olds (%),WHS4_100,Republic of Korea,KOR,2023,,98.0,98,
Diphtheria-tetanus-pertussis (DTP3) immunization coverage among 1-year-olds (%),WHS4_100,Republic of Moldova,MDA,2023,,87.0,87,
Diphtheria-tetanus-pertussis (DTP3) immunization coverage among 1-year-olds (%),WHS4_100,Romania,ROU,2023,,78.0,78,
Diphtheria-tetanus-pertussis (DTP3) immunization coverage among 1-year-olds (%),WHS4_100,Russian Federation,RUS,2023,,97.0,97,
Diphtheria-tetanus-pertussis (DTP3) immunization coverage among 1-year-olds (%),WHS4_100,Rwanda,RWA,2023,,94.0,94,
Diphtheria-tetanus-pertussis (DTP3) immunization coverage among 1-year-olds (%),WHS4_100,Saint Kitts and Nevis,KNA,2023,,96.0,96,
Diphtheria-tetanus-pertussis (DTP3) immunization coverage among 1-year-olds (%),WHS4_100,Saint Lucia,LCA,2023,,74.0,74,
Diphtheria-tetanus-pertussis (DTP3) immunization coverage among 1-year-olds (%),WHS4_100,Saint Vincent and the Grenadines,VCT,2023,,94.0,94,
Diphtheria-tetanus-pertussis (DTP3) immunization coverage among 1-year-olds (%),WHS4_100,Samoa,WSM,2023,,83.0,83,
Diphtheria-tetanus-pertussis (DTP3) immunization coverage among 1-year-olds (%),WHS4_100,San Marino,SMR,2023,,91.0,91,
Diphtheria-tetanus-pertussis (DTP3) immunization coverage among 1-year-olds (%),WHS4_100,Sao Tome and Principe,STP,2023,,86.0,86,
Diphtheria-tetanus-pertussis (DTP3) immunization coverage among 1-year-olds (%),WHS4_100,Saudi Arabia,SAU,2023,,97.0,97,
Diphtheria-tetanus-pertussis (DTP3) immunization coverage among 1-year-olds (%),WHS4_100,Senegal,SEN,2023,,83.0,83,
Diphtheria-tetanus-pertussis (DTP3) immunization coverage among 1-year-olds (%),WHS4_100,Serbia,SRB,2023,,93.0,93,
Diphtheria-tetanus-pertussis (DTP3) immunization coverage among 1-year-olds (%),WHS4_100,Seychelles,SYC,2023,,97.0,97,
Diphtheria-tetanus-pertussis (DTP3) immunization coverage among 1-year-olds (%),WHS4_100,Sierra Leone,SLE,2023,,91.0,91,
Diphtheria-tetanus-pertussis (DTP3) immunization coverage among 1-year-olds (%),WHS4_100,Singapore,SGP,2023,,98.0,98,
Diphtheria-tetanus-pertussis (DTP3) immunization coverage among 1-year-olds (%),WHS4_100,Slovakia,SVK,2023,,96.0,96,
Diphtheria-tetanus-pertussis (DTP3) immunization coverage among 1-year-olds (%),WHS4_100,Slovenia,SVN,2023,,89.0,89,
Diphtheria-tetanus-pertussis (DTP3) immunization coverage among 1-year-olds (%),WHS4_100,Solomon Islands,SLB,2023,,84.0,84,
Diphtheria-tetanus-pertussis (DTP3) immunization coverage among 1-year-olds (%),WHS4_100,Somalia,SOM,2023,,42.0,42,
Diphtheria-tetanus-pertussis (DTP3) immunization coverage among 1-year-olds (%),WHS4_100,South Africa,ZAF,2023,,79.0,79,
Diphtheria-tetanus-pertussis (DTP3) immunization coverage among 1-year-olds (%),WHS4_100,South Sudan,SSD,2023,,73.0,73,
Diphtheria-tetanus-pertussis (DTP3) immunization coverage among 1-year-olds (%),WHS4_100,South-East Asia Region,SEAR,2023,,90.0,90,
Diphtheria-tetanus-pertussis (DTP3) immunization coverage among 1-year-olds (%),WHS4_100,Spain,ESP,2023,,93.0,93,
Diphtheria-tetanus-pertussis (DTP3) immunization coverage among 1-year-olds (%),WHS4_100,Sri Lanka,LKA,2023,,99.0,99,
Diphtheria-tetanus-pertussis (DTP3) immunization coverage among 1-year-olds (%),WHS4_100,Sudan,SDN,2023,,51.0,51,
Diphtheria-tetanus-pertussis (DTP3) immunization coverage among 1-year-olds (%),WHS4_100,Suriname,SUR,2023,,72.0,72,
Diphtheria-tetanus-pertussis (DTP3) immunization coverage among 1-year-olds (%),WHS4_100,Sweden,SWE,2023,,94.0,94,
Diphtheria-tetanus-pertussis (DTP3) immunization coverage among 1-year-olds (%),WHS4_100,Switzerland,CHE,2023,,95.0,95,
Diphtheria-tetanus-pertussis (DTP3) immunization coverage among 1-year-olds (%),WHS4_100,Syrian Arab Republic,SYR,2023,,66.0,66,
Diphtheria-tetanus-pertussis (DTP3) immunization coverage among 1-year-olds (%),WHS4_100,Tajikistan,TJK,2023,,96.0,96,
Diphtheria-tetanus-pertussis (DTP3) immunization coverage among 1-year-olds (%),WHS4_100,Thailand,THA,2023,,92.0,92,
Diphtheria-tetanus-pertussis (DTP3) immunization coverage among 1-year-olds (%),WHS4_100,Timor-Leste,TLS,2023,,83.0,83,
Diphtheria-tetanus-pertussis (DTP3) immunization coverage among 1-year-olds (%),WHS4_100,Togo,TGO,2023,,85.0,85,
Diphtheria-tetanus-pertussis (DTP3) immunization coverage among 1-year-olds (%),WHS4_100,Tonga,TON,2023,,99.0,99,
Diphtheria-tetanus-pertussis (DTP3) immunization coverage among 1-year-olds (%),WHS4_100,Trinidad and Tobago,TTO,2023,,96.0,96,
Diphtheria-tetanus-pertussis (DTP3) immunization coverage among 1-year-olds (%),WHS4_100,Tunisia,TUN,2023,,97.0,97,
Diphtheria-tetanus-pertussis (DTP3) immunization coverage among 1-year-olds (%),WHS4_100,Türkiye,TUR,2023,,99.0,99,
Diphtheria-tetanus-pertussis (DTP3) immunization coverage among 1-year-olds (%),WHS4_100,Turkmenistan,TKM,2023,,98.0,98,
Diphtheria-tetanus-pertussis (DTP3) immunization coverage among 1-year-olds (%),WHS4_100,Tuvalu,TUV,2023,,94.0,94,
Diphtheria-tetanus-pertussis (DTP3) immunization coverage among 1-year-olds (%),WHS4_100,Uganda,UGA,2023,,91.0,91,
Diphtheria-tetanus-pertussis (DTP3) immunization coverage among 1-year-olds (%),WHS4_100,Ukraine,UKR,2023,,83.0,83,
Diphtheria-tetanus-pertussis (DTP3) immunization coverage among 1-year-olds (%),WHS4_100,United Arab Emirates,ARE,2023,,96.0,96,
Diphtheria-tetanus-pertussis (DTP3) immunization coverage among 1-year-olds (%),WHS4_100,United Kingdom,GBR,2023,,92.0,92,
Diphtheria-tetanus-pertussis (DTP3) immunization coverage among 1-year-olds (%),WHS4_100,United Republic of Tanzania,TZA,2023,,93.0,93,
Diphtheria-tetanus-pertussis (DTP3) immunization coverage among 1-year-olds (%),WHS4_100,United States of America,USA,2023,,94.0,94,
Diphtheria-tetanus-pertussis (DTP3) immunization coverage among 1-year-olds (%),WHS4_100,Uruguay,URY,2023,,95.0,95,
Diphtheria-tetanus-pertussis (DTP3) immunization coverage among 1-year-olds (%),WHS4_100,Uzbekistan,UZB,2023,,99.0,99,
Diphtheria-tetanus-pertussis (DTP3) immunization coverage among 1-year-olds (%),WHS4_100,Vanuatu,VUT,2023,,72.0,72,
Diphtheria-tetanus-pertussis (DTP3) immunization coverage among 1-year-olds (%),WHS4_100,Venezuela (Bolivarian Republic of),VEN,2023,,54.0,54,
Diphtheria-tetanus-pertussis (DTP3) immunization coverage among 1-year-olds (%),WHS4_100,Viet Nam,VNM,2023,,65.0,65,
Diphtheria-tetanus-pertussis (DTP3) immunization coverage among 1-year-olds (%),WHS4_100,Western Pacific Region,WPR,2023,,92.0,92,
Diphtheria-tetanus-pertussis (DTP3) immunization coverage among 1-year-olds (%),WHS4_100,Yemen,YEM,2023,,46.0,46,
Diphtheria-tetanus-pertussis (DTP3) immunization coverage among 1-year-olds (%),WHS4_100,Zambia,ZMB,2023,,80.0,80,
Diphtheria-tetanus-pertussis (DTP3) immunization coverage among 1-year-olds (%),WHS4_100,Zimbabwe,ZWE,2023,,90.0,90,
Human papillomavirus (HPV) immunization coverage estimates among primary target cohort (9-14 years old girls) (%,SDGHPVRECEIVED,African Region,AFR,2023,,32.0,32,
Human papillomavirus (HPV) immunization coverage estimates among primary target cohort (9-14 years old girls) (%,SDGHPVRECEIVED,Albania,ALB,2023,,74.0,74,
Human papillomavirus (HPV) immunization coverage estimates among primary target cohort (9-14 years old girls) (%,SDGHPVRECEIVED,Andorra,AND,2023,,85.0,85,
Human papillomavirus (HPV) immunization coverage estimates among primary target cohort (9-14 years old girls) (%,SDGHPVRECEIVED,Antigua and Barbuda,ATG,2023,,1.0,1,
Human papillomavirus (HPV) immunization coverage estimates among primary target cohort (9-14 years old girls) (%,SDGHPVRECEIVED,Argentina,ARG,2023,,36.0,36,
Human papillomavirus (HPV) immunization coverage estimates among primary target cohort (9-14 years old girls) (%,SDGHPVRECEIVED,Armenia,ARM,2023,,41.0,41,
Human papillomavirus (HPV) immunization coverage estimates among primary target cohort (9-14 years old girls) (%,SDGHPVRECEIVED,Australia,AUS,2023,,71.0,71,
Human papillomavirus (HPV) immunization coverage estimates among primary target cohort (9-14 years old girls) (%,SDGHPVRECEIVED,Austria,AUT,2023,,53.0,53,
Human papillomavirus (HPV) immunization coverage estimates among primary target cohort (9-14 years old girls) (%,SDGHPVRECEIVED,Bahamas,BHS,2023,,9.0,9,
Human papillomavirus (HPV) immunization coverage estimates among primary target cohort (9-14 years old girls) (%,SDGHPVRECEIVED,Bangladesh,BGD,2023,,21.0,21,
Human papillomavirus (HPV) immunization coverage estimates among primary target cohort (9-14 years old girls) (%,SDGHPVRECEIVED,Barbados,BRB,2023,,50.0,50,
Human papillomavirus (HPV) immunization coverage estimates among primary target cohort (9-14 years old girls) (%,SDGHPVRECEIVED,Belgium,BEL,2023,,72.0,72,
Human papillomavirus (HPV) immunization coverage estimates among primary target cohort (9-14 years old girls) (%,SDGHPVRECEIVED,Belize,BLZ,2023,,41.0,41,
Human papillomavirus (HPV) immunization coverage estimates among primary target cohort (9-14 years old girls) (%,SDGHPVRECEIVED,Bhutan,BTN,2023,,87.0,87,
Human papillomavirus (HPV) immunization coverage estimates among primary target cohort (9-14 years old girls) (%,SDGHPVRECEIVED,Bolivia (Plurinational State of),BOL,2023,,67.0,67,
Human papillomavirus (HPV) immunization coverage estimates among primary target cohort (9-14 years old girls) (%,SDGHPVRECEIVED,Bosnia and Herzegovina,BIH,2023,,5.0,5,
Human papillomavirus (HPV) immunization coverage estimates among primary target cohort (9-14 years old girls) (%,SDGHPVRECEIVED,Botswana,BWA,2023,,32.0,32,
Human papillomavirus (HPV) immunization coverage estimates among primary target cohort (9-14 years old girls) (%,SDGHPVRECEIVED,Brazil,BRA,2023,,73.0,73,
Human papillomavirus (HPV) immunization coverage estimates among primary target cohort (9-14 years old girls) (%,SDGHPVRECEIVED,Brunei Darussalam,BRN,2023,,83.0,83,
Human papillomavirus (HPV) immunization coverage estimates among primary target cohort (9-14 years old girls) (%,SDGHPVRECEIVED,Bulgaria,BGR,2023,,6.0,6,
Human papillomavirus (HPV) immunization coverage estimates among primary target cohort (9-14 years old girls) (%,SDGHPVRECEIVED,Burkina Faso,BFA,2023,,97.0,97,
Human papillomavirus (HPV) immunization coverage estimates among primary target cohort (9-14 years old girls) (%,SDGHPVRECEIVED,Cabo Verde,CPV,2023,,93.0,93,
Human papillomavirus (HPV) immunization coverage estimates among primary target cohort (9-14 years old girls) (%,SDGHPVRECEIVED,Cambodia,KHM,2023,,91.0,91,
Human papillomavirus (HPV) immunization coverage estimates among primary target cohort (9-14 years old girls) (%,SDGHPVRECEIVED,Cameroon,CMR,2023,,66.0,66,
Human papillomavirus (HPV) immunization coverage estimates among primary target cohort (9-14 years old girls) (%,SDGHPVRECEIVED,Canada,CAN,2023,,86.0,86,
Human papillomavirus (HPV) immunization coverage estimates among primary target cohort (9-14 years old girls) (%,SDGHPVRECEIVED,Chile,CHL,2023,,83.0,83,
Human papillomavirus (HPV) immunization coverage estimates among primary target cohort (9-14 years old girls) (%,SDGHPVRECEIVED,Colombia,COL,2023,,52.0,52,
Human papillomavirus (HPV) immunization coverage estimates among primary target cohort (9-14 years old girls) (%,SDGHPVRECEIVED,Cook Islands,COK,2023,,50.0,50,
Human papillomavirus (HPV) immunization coverage estimates among primary target cohort (9-14 years old girls) (%,SDGHPVRECEIVED,Costa Rica,CRI,2023,,66.0,66,
Human papillomavirus (HPV) immunization coverage estimates among primary target cohort (9-14 years old girls) (%,SDGHPVRECEIVED,Côte d'Ivoire,CIV,2023,,73.0,73,
Human papillomavirus (HPV) immunization coverage estimates among primary target cohort (9-14 years old girls) (%,SDGHPVRECEIVED,Croatia,HRV,2023,,55.0,55,
Human papillomavirus (HPV) immunization coverage estimates among primary target cohort (9-14 years old girls) (%,SDGHPVRECEIVED,Cyprus,CYP,2023,,92.0,92,
Human papillomavirus (HPV) immunization coverage estimates among primary target cohort (9-14 years old girls) (%,SDGHPVRECEIVED,Czechia,CZE,2023,,72.0,72,
Human papillomavirus (HPV) immunization coverage estimates among primary target cohort (9-14 years old girls) (%,SDGHPVRECEIVED,Denmark,DNK,2023,,80.0,80,
Human papillomavirus (HPV) immunization coverage estimates among primary target cohort (9-14 years old girls) (%,SDGHPVRECEIVED,Dominica,DMA,2023,,65.0,65,
Human papillomavirus (HPV) immunization coverage estimates among primary target cohort (9-14 years old girls) (%,SDGHPVRECEIVED,Dominican Republic,DOM,2023,,66.0,66,
Human papillomavirus (HPV) immunization coverage estimates among primary target cohort (9-14 years old girls) (%,SDGHPVRECEIVED,Eastern Mediterranean Region,EMR,2023,,2.0,2,
Human papillomavirus (HPV) immunization coverage estimates among primary target cohort (9-14 years old girls) (%,SDGHPVRECEIVED,Ecuador,ECU,2023,,50.0,50,
Human papillomavirus (HPV) immunization coverage estimates among primary target cohort (9-14 years old girls) (%,SDGHPVRECEIVED,El Salvador,SLV,2023,,36.0,36,
Human papillomavirus (HPV) immunization coverage estimates among primary target cohort (9-14 years old girls) (%,SDGHPVRECEIVED,Eritrea,ERI,2023,,78.0,78,
Human papillomavirus (HPV) immunization coverage estimates among primary target cohort (9-14 years old girls) (%,SDGHPVRECEIVED,Estonia,EST,2023,,52.0,52,
Human papillomavirus (HPV) immunization coverage estimates among primary target cohort (9-14 years old girls) (%,SDGHPVRECEIVED,Eswatini,SWZ,2023,,59.0,59,
Human papillomavirus (HPV) immunization coverage estimates among primary target cohort (9-14 years old girls) (%,SDGHPVRECEIVED,Ethiopia,ETH,2023,,29.0,29,
Human papillomavirus (HPV) immunization coverage estimates among primary target cohort (9-14 years old girls) (%,SDGHPVRECEIVED,European Region,EUR,2023,,35.0,35,
Human papillomavirus (HPV) immunization coverage estimates among primary target cohort (9-14 years old girls) (%,SDGHPVRECEIVED,Fiji,FJI,2023,,68.0,68,
Human papillomavirus (HPV) immunization coverage estimates among primary target cohort (9-14 years old girls) (%,SDGHPVRECEIVED,Finland,FIN,2023,,70.0,70,
Human papillomavirus (HPV) immunization coverage estimates among primary target cohort (9-14 years old girls) (%,SDGHPVRECEIVED,France,FRA,2023,,45.0,45,
Human papillomavirus (HPV) immunization coverage estimates among primary target cohort (9-14 years old girls) (%,SDGHPVRECEIVED,Georgia,GEO,2023,,40.0,40,
Human papillomavirus (HPV) immunization coverage estimates among primary target cohort (9-14 years old girls) (%,SDGHPVRECEIVED,Germany,DEU,2023,,54.0,54,
Human papillomavirus (HPV) immunization coverage estimates among primary target cohort (9-14 years old girls) (%,SDGHPVRECEIVED,Global,GLOBAL,2023,,20.0,20,
Human papillomavirus (HPV) immunization coverage estimates among primary target cohort (9-14 years old girls) (%,SDGHPVRECEIVED,Grenada,GRD,2023,,1.0,1,
Human papillomavirus (HPV) immunization coverage estimates among primary target cohort (9-14 years old girls) (%,SDGHPVRECEIVED,Guatemala,GTM,2023,,48.0,48,
Human papillomavirus (HPV) immunization coverage estimates among primary target cohort (9-14 years old girls) (%,SDGHPVRECEIVED,Guyana,GUY,2023,,40.0,40,
Human papillomavirus (HPV) immunization coverage estimates among primary target cohort (9-14 years old girls) (%,SDGHPVRECEIVED,Honduras,HND,2023,,61.0,61,
Human papillomavirus (HPV) immunization coverage estimates among primary target cohort (9-14 years old girls) (%,SDGHPVRECEIVED,Hungary,HUN,2023,,75.0,75,
Human papillomavirus (HPV) immunization coverage estimates among primary target cohort (9-14 years old girls) (%,SDGHPVRECEIVED,Iceland,ISL,2023,,84.0,84,
Human papillomavirus (HPV) immunization coverage estimates among primary target cohort (9-14 years old girls) (%,SDGHPVRECEIVED,Indonesia,IDN,2023,,29.0,29,
Human papillomavirus (HPV) immunization coverage estimates among primary target cohort (9-14 years old girls) (%,SDGHPVRECEIVED,Ireland,IRL,2023,,84.0,84,
Human papillomavirus (HPV) immunization coverage estimates among primary target cohort (9-14 years old girls) (%,SDGHPVRECEIVED,Israel,ISR,2023,,60.0,60,
Human papillomavirus (HPV) immunization coverage estimates among primary target cohort (9-14 years old girls) (%,SDGHPVRECEIVED,Italy,ITA,2023,,46.0,46,
Human papillomavirus (HPV) immunization coverage estimates among primary target cohort (9-14 years old girls) (%,SDGHPVRECEIVED,Jamaica,JAM,2023,,8.0,8,
Human papillomavirus (HPV) immunization coverage estimates among primary target cohort (9-14 years old girls) (%,SDGHPVRECEIVED,Japan,JPN,2023,,35.0,35,
Human papillomavirus (HPV) immunization coverage estimates among primary target cohort (9-14 years old girls) (%,SDGHPVRECEIVED,Kenya,KEN,2023,,33.0,33,
Human papillomavirus (HPV) immunization coverage estimates among primary target cohort (9-14 years old girls) (%,SDGHPVRECEIVED,Kiribati,KIR,2023,,54.0,54,
Human papillomavirus (HPV) immunization coverage estimates among primary target cohort (9-14 years old girls) (%,SDGHPVRECEIVED,Kyrgyzstan,KGZ,2023,,46.0,46,
Human papillomavirus (HPV) immunization coverage estimates among primary target cohort (9-14 years old girls) (%,SDGHPVRECEIVED,Lao People's Democratic Republic,LAO,2023,,44.0,44,
Human papillomavirus (HPV) immunization coverage estimates among primary target cohort (9-14 years old girls) (%,SDGHPVRECEIVED,Latvia,LVA,2023,,71.0,71,
Human papillomavirus (HPV) immunization coverage estimates among primary target cohort (9-14 years old girls) (%,SDGHPVRECEIVED,Lesotho,LSO,2023,,64.0,64,
Human papillomavirus (HPV) immunization coverage estimates among primary target cohort (9-14 years old girls) (%,SDGHPVRECEIVED,Liberia,LBR,2023,,40.0,40,
Human papillomavirus (HPV) immunization coverage estimates among primary target cohort (9-14 years old girls) (%,SDGHPVRECEIVED,Libya,LBY,2023,,54.0,54,
Human papillomavirus (HPV) immunization coverage estimates among primary target cohort (9-14 years old girls) (%,SDGHPVRECEIVED,Lithuania,LTU,2023,,43.0,43,
Human papillomavirus (HPV) immunization coverage estimates among primary target cohort (9-14 years old girls) (%,SDGHPVRECEIVED,Luxembourg,LUX,2023,,14.0,14,
Human papillomavirus (HPV) immunization coverage estimates among primary target cohort (9-14 years old girls) (%,SDGHPVRECEIVED,Malawi,MWI,2023,,27.0,27,
Human papillomavirus (HPV) immunization coverage estimates among primary target cohort (9-14 years old girls) (%,SDGHPVRECEIVED,Malaysia,MYS,2023,,0.0,0,
Human papillomavirus (HPV) immunization coverage estimates among primary target cohort (9-14 years old girls) (%,SDGHPVRECEIVED,Maldives,MDV,2023,,61.0,61,
Human papillomavirus (HPV) immunization coverage estimates among primary target cohort (9-14 years old girls) (%,SDGHPVRECEIVED,Malta,MLT,2023,,73.0,73,
Human papillomavirus (HPV) immunization coverage estimates among primary target cohort (9-14 years old girls) (%,SDGHPVRECEIVED,Marshall Islands,MHL,2023,,27.0,27,
Human papillomavirus (HPV) immunization coverage estimates among primary target cohort (9-14 years old girls) (%,SDGHPVRECEIVED,Mauritania,MRT,2023,,14.0,14,
Human papillomavirus (HPV) immunization coverage estimates among primary target cohort (9-14 years old girls) (%,SDGHPVRECEIVED,Mauritius,MUS,2023,,26.0,26,
Human papillomavirus (HPV) immunization coverage estimates among primary target cohort (9-14 years old girls) (%,SDGHPVRECEIVED,Mexico,MEX,2023,,62.0,62,
Human papillomavirus (HPV) immunization coverage estimates among primary target cohort (9-14 years old girls) (%,SDGHPVRECEIVED,Micronesia (Federated States of),FSM,2023,,48.0,48,
Human papillomavirus (HPV) immunization coverage estimates among primary target cohort (9-14 years old girls) (%,SDGHPVRECEIVED,Montenegro,MNE,2023,,19.0,19,
Human papillomavirus (HPV) immunization coverage estimates among primary target cohort (9-14 years old girls) (%,SDGHPVRECEIVED,Mozambique,MOZ,2023,,57.0,57,
Human papillomavirus (HPV) immunization coverage estimates among primary target cohort (9-14 years old girls) (%,SDGHPVRECEIVED,Myanmar,MMR,2023,,77.0,77,
Human papillomavirus (HPV) immunization coverage estimates among primary target cohort (9-14 years old girls) (%,SDGHPVRECEIVED,Netherlands (Kingdom of the),NLD,2023,,60.0,60,
Human papillomavirus (HPV) immunization coverage estimates among primary target cohort (9-14 years old girls) (%,SDGHPVRECEIVED,New Zealand,NZL,2023,,66.0,66,
Human papillomavirus (HPV) immunization coverage estimates among primary target cohort (9-14 years old girls) (%,SDGHPVRECEIVED,Nigeria,NGA,2023,,27.0,27,
Human papillomavirus (HPV) immunization coverage estimates among primary target cohort (9-14 years old girls) (%,SDGHPVRECEIVED,Niue,NIU,2023,,100.0,100,
Human papillomavirus (HPV) immunization coverage estimates among primary target cohort (9-14 years old girls) (%,SDGHPVRECEIVED,North Macedonia,MKD,2023,,40.0,40,
Human papillomavirus (HPV) immunization coverage estimates among primary target cohort (9-14 years old girls) (%,SDGHPVRECEIVED,Norway,NOR,2023,,94.0,94,
Human papillomavirus (HPV) immunization coverage estimates among primary target cohort (9-14 years old girls) (%,SDGHPVRECEIVED,Palau,PLW,2023,,25.0,25,
Human papillomavirus (HPV) immunization coverage estimates among primary target cohort (9-14 years old girls) (%,SDGHPVRECEIVED,Panama,PAN,2023,,66.0,66,
Human papillomavirus (HPV) immunization coverage estimates among primary target cohort (9-14 years old girls) (%,SDGHPVRECEIVED,Paraguay,PRY,2023,,22.0,22,
Human papillomavirus (HPV) immunization coverage estimates among primary target cohort (9-14 years old girls) (%,SDGHPVRECEIVED,Peru,PER,2023,,74.0,74,
Human papillomavirus (HPV) immunization coverage estimates among primary target cohort (9-14 years old girls) (%,SDGHPVRECEIVED,Philippines,PHL,2023,,10.0,10,
Human papillomavirus (HPV) immunization coverage estimates among primary target cohort (9-14 years old girls) (%,SDGHPVRECEIVED,Portugal,PRT,2023,,90.0,90,
Human papillomavirus (HPV) immunization coverage estimates among primary target cohort (9-14 years old girls) (%,SDGHPVRECEIVED,Region of the Americas,AMR,2023,,55.0,55,
Human papillomavirus (HPV) immunization coverage estimates among primary target cohort (9-14 years old girls) (%,SDGHPVRECEIVED,Republic of Korea,KOR,2023,,65.0,65,
Human papillomavirus (HPV) immunization coverage estimates among primary target cohort (9-14 years old girls) (%,SDGHPVRECEIVED,Republic of Moldova,MDA,2023,,44.0,44,
Human papillomavirus (HPV) immunization coverage estimates among primary target cohort (9-14 years old girls) (%,SDGHPVRECEIVED,Romania,ROU,2023,,6.0,6,
Human papillomavirus (HPV) immunization coverage estimates among primary target cohort (9-14 years old girls) (%,SDGHPVRECEIVED,Rwanda,RWA,2023,,0.0,0,
Human papillomavirus (HPV) immunization coverage estimates among primary target cohort (9-14 years old girls) (%,SDGHPVRECEIVED,Saint Kitts and Nevis,KNA,2023,,64.0,64,
Human papillomavirus (HPV) immunization coverage estimates among primary target cohort (9-14 years old girls) (%,SDGHPVRECEIVED,Saint Lucia,LCA,2023,,81.0,81,
Human papillomavirus (HPV) immunization coverage estimates among primary target cohort (9-14 years old girls) (%,SDGHPVRECEIVED,Samoa,WSM,2023,,87.0,87,
Human papillomavirus (HPV) immunization coverage estimates among primary target cohort (9-14 years old girls) (%,SDGHPVRECEIVED,San Marino,SMR,2023,,52.0,52,
Human papillomavirus (HPV) immunization coverage estimates among primary target cohort (9-14 years old girls) (%,SDGHPVRECEIVED,Sao Tome and Principe,STP,2023,,80.0,80,
Human papillomavirus (HPV) immunization coverage estimates among primary target cohort (9-14 years old girls) (%,SDGHPVRECEIVED,Saudi Arabia,SAU,2023,,39.0,39,
Human papillomavirus (HPV) immunization coverage estimates among primary target cohort (9-14 years old girls) (%,SDGHPVRECEIVED,Senegal,SEN,2023,,25.0,25,
Human papillomavirus (HPV) immunization coverage estimates among primary target cohort (9-14 years old girls) (%,SDGHPVRECEIVED,Serbia,SRB,2023,,2.0,2,
Human papillomavirus (HPV) immunization coverage estimates among primary target cohort (9-14 years old girls) (%,SDGHPVRECEIVED,Seychelles,SYC,2023,,54.0,54,
Human papillomavirus (HPV) immunization coverage estimates among primary target cohort (9-14 years old girls) (%,SDGHPVRECEIVED,Sierra Leone,SLE,2023,,39.0,39,
Human papillomavirus (HPV) immunization coverage estimates among primary target cohort (9-14 years old girls) (%,SDGHPVRECEIVED,Singapore,SGP,2023,,69.0,69,
Human papillomavirus (HPV) immunization coverage estimates among primary target cohort (9-14 years old girls) (%,SDGHPVRECEIVED,Slovakia,SVK,2023,,10.0,10,
Human papillomavirus (HPV) immunization coverage estimates among primary target cohort (9-14 years old girls) (%,SDGHPVRECEIVED,Slovenia,SVN,2023,,45.0,45,
Human papillomavirus (HPV) immunization coverage estimates among primary target cohort (9-14 years old girls) (%,SDGHPVRECEIVED,Solomon Islands,SLB,2023,,69.0,69,
Human papillomavirus (HPV) immunization coverage estimates among primary target cohort (9-14 years old girls) (%,SDGHPVRECEIVED,South Africa,ZAF,2023,,72.0,72,
Human papillomavirus (HPV) immunization coverage estimates among primary target cohort (9-14 years old girls) (%,SDGHPVRECEIVED,South-East Asia Region,SEAR,2023,,8.0,8,
Human papillomavirus (HPV) immunization coverage estimates among primary target cohort (9-14 years old girls) (%,SDGHPVRECEIVED,Spain,ESP,2023,,75.0,75,
Human papillomavirus (HPV) immunization coverage estimates among primary target cohort (9-14 years old girls) (%,SDGHPVRECEIVED,Sri Lanka,LKA,2023,,25.0,25,
Human papillomavirus (HPV) immunization coverage estimates among primary target cohort (9-14 years old girls) (%,SDGHPVRECEIVED,Suriname,SUR,2023,,0.0,0,
Human papillomavirus (HPV) immunization coverage estimates among primary target cohort (9-14 years old girls) (%,SDGHPVRECEIVED,Sweden,SWE,2023,,88.0,88,
Human papillomavirus (HPV) immunization coverage estimates among primary target cohort (9-14 years old girls) (%,SDGHPVRECEIVED,Switzerland,CHE,2023,,70.0,70,
Human papillomavirus (HPV) immunization coverage estimates among primary target cohort (9-14 years old girls) (%,SDGHPVRECEIVED,Thailand,THA,2023,,8.0,8,
Human papillomavirus (HPV) immunization coverage estimates among primary target cohort (9-14 years old girls) (%,SDGHPVRECEIVED,Togo,TGO,2023,,46.0,46,
Human papillomavirus (HPV) immunization coverage estimates among primary target cohort (9-14 years old girls) (%,SDGHPVRECEIVED,Tonga,TON,2023,,30.0,30,
Human papillomavirus (HPV) immunization coverage estimates among primary target cohort (9-14 years old girls) (%,SDGHPVRECEIVED,Trinidad and Tobago,TTO,2023,,8.0,8,
Human papillomavirus (HPV) immunization coverage estimates among primary target cohort (9-14 years old girls) (%,SDGHPVRECEIVED,Turkmenistan,TKM,2023,,99.0,99,
Human papillomavirus (HPV) immunization coverage estimates among primary target cohort (9-14 years old girls) (%,SDGHPVRECEIVED,Tuvalu,TUV,2023,,84.0,84,
Human papillomavirus (HPV) immunization coverage estimates among primary target cohort (9-14 years old girls) (%,SDGHPVRECEIVED,Uganda,UGA,2023,,98.0,98,
Human papillomavirus (HPV) immunization coverage estimates among primary target cohort (9-14 years old girls) (%,SDGHPVRECEIVED,United Arab Emirates,ARE,2023,,39.0,39,
Human papillomavirus (HPV) immunization coverage estimates among primary target cohort (9-14 years old girls) (%,SDGHPVRECEIVED,United Kingdom,GBR,2023,,68.0,68,
Human papillomavirus (HPV) immunization coverage estimates among primary target cohort (9-14 years old girls) (%,SDGHPVRECEIVED,United Republic of Tanzania,TZA,2023,,91.0,91,
Human papillomavirus (HPV) immunization coverage estimates among primary target cohort (9-14 years old girls) (%,SDGHPVRECEIVED,United States of America,USA,2023,,52.0,52,
Human papillomavirus (HPV) immunization coverage estimates among primary target cohort (9-14 years old girls) (%,SDGHPVRECEIVED,Uruguay,URY,2023,,41.0,41,
Human papillomavirus (HPV) immunization coverage estimates among primary target cohort (9-14 years old girls) (%,SDGHPVRECEIVED,Uzbekistan,UZB,2023,,96.0,96,
Human papillomavirus (HPV) immunization coverage estimates among primary target cohort (9-14 years old girls) (%,SDGHPVRECEIVED,Vanuatu,VUT,2023,,41.0,41,
Human papillomavirus (HPV) immunization coverage estimates among primary target cohort (9-14 years old girls) (%,SDGHPVRECEIVED,Western Pacific Region,WPR,2023,,7.0,7,
Human papillomavirus (HPV) immunization coverage estimates among primary target cohort (9-14 years old girls) (%,SDGHPVRECEIVED,Zambia,ZMB,2023,,56.0,56,
Human papillomavirus (HPV) immunization coverage estimates among primary target cohort (9-14 years old girls) (%,SDGHPVRECEIVED,Zimbabwe,ZWE,2023,,24.0,24,
Measles-containing-vaccine second-dose (MCV2) immunization coverage by the locally recommended age (%),MCV2,Afghanistan,AFG,2023,,42.0,42,
Measles-containing-vaccine second-dose (MCV2) immunization coverage by the locally recommended age (%),MCV2,African Region,AFR,2023,,49.0,49,
Measles-containing-vaccine second-dose (MCV2) immunization coverage by the locally recommended age (%),MCV2,Albania,ALB,2023,,93.0,93,
Measles-containing-vaccine second-dose (MCV2) immunization coverage by the locally recommended age (%),MCV2,Algeria,DZA,2023,,93.0,93,
Measles-containing-vaccine second-dose (MCV2) immunization coverage by the locally recommended age (%),MCV2,Andorra,AND,2023,,96.0,96,
Measles-containing-vaccine second-dose (MCV2) immunization coverage by the locally recommended age (%),MCV2,Angola,AGO,2023,,35.0,35,
Measles-containing-vaccine second-dose (MCV2) immunization coverage by the locally recommended age (%),MCV2,Antigua and Barbuda,ATG,2023,,87.0,87,
Measles-containing-vaccine second-dose (MCV2) immunization coverage by the locally recommended age (%),MCV2,Argentina,ARG,2023,,54.0,54,
Measles-containing-vaccine second-dose (MCV2) immunization coverage by the locally recommended age (%),MCV2,Armenia,ARM,2023,,96.0,96,
Measles-containing-vaccine second-dose (MCV2) immunization coverage by the locally recommended age (%),MCV2,Australia,AUS,2023,,93.0,93,
Measles-containing-vaccine second-dose (MCV2) immunization coverage by the locally recommended age (%),MCV2,Austria,AUT,2023,,94.0,94,
Measles-containing-vaccine second-dose (MCV2) immunization coverage by the locally recommended age (%),MCV2,Azerbaijan,AZE,2023,,93.0,93,
Measles-containing-vaccine second-dose (MCV2) immunization coverage by the locally recommended age (%),MCV2,Bahamas,BHS,2023,,53.0,53,
Measles-containing-vaccine second-dose (MCV2) immunization coverage by the locally recommended age (%),MCV2,Bahrain,BHR,2023,,99.0,99,
Measles-containing-vaccine second-dose (MCV2) immunization coverage by the locally recommended age (%),MCV2,Bangladesh,BGD,2023,,93.0,93,
Measles-containing-vaccine second-dose (MCV2) immunization coverage by the locally recommended age (%),MCV2,Barbados,BRB,2023,,76.0,76,
Measles-containing-vaccine second-dose (MCV2) immunization coverage by the locally recommended age (%),MCV2,Belarus,BLR,2023,,95.0,95,
Measles-containing-vaccine second-dose (MCV2) immunization coverage by the locally recommended age (%),MCV2,Belgium,BEL,2023,,82.0,82,
Measles-containing-vaccine second-dose (MCV2) immunization coverage by the locally recommended age (%),MCV2,Belize,BLZ,2023,,88.0,88,
Measles-containing-vaccine second-dose (MCV2) immunization coverage by the locally recommended age (%),MCV2,Bhutan,BTN,2023,,97.0,97,
Measles-containing-vaccine second-dose (MCV2) immunization coverage by the locally recommended age (%),MCV2,Bolivia (Plurinational State of),BOL,2023,,50.0,50,
Measles-containing-vaccine second-dose (MCV2) immunization coverage by the locally recommended age (%),MCV2,Bosnia and Herzegovina,BIH,2023,,63.0,63,
Measles-containing-vaccine second-dose (MCV2) immunization coverage by the locally recommended age (%),MCV2,Botswana,BWA,2023,,79.0,79,
Measles-containing-vaccine second-dose (MCV2) immunization coverage by the locally recommended age (%),MCV2,Brazil,BRA,2023,,64.0,64,
Measles-containing-vaccine second-dose (MCV2) immunization coverage by the locally recommended age (%),MCV2,Brunei Darussalam,BRN,2023,,99.0,99,
Measles-containing-vaccine second-dose (MCV2) immunization coverage by the locally recommended age (%),MCV2,Bulgaria,BGR,2023,,87.0,87,
Measles-containing-vaccine second-dose (MCV2) immunization coverage by the locally recommended age (%),MCV2,Burkina Faso,BFA,2023,,71.0,71,
Measles-containing-vaccine second-dose (MCV2) immunization coverage by the locally recommended age (%),MCV2,Burundi,BDI,2023,,80.0,80,
Measles-containing-vaccine second-dose (MCV2) immunization coverage by the locally recommended age (%),MCV2,Cabo Verde,CPV,2023,,86.0,86,
Measles-containing-vaccine second-dose (MCV2) immunization coverage by the locally recommended age (%),MCV2,Cambodia,KHM,2023,,64.0,64,
Measles-containing-vaccine second-dose (MCV2) immunization coverage by the locally recommended age (%),MCV2,Cameroon,CMR,2023,,45.0,45,
Measles-containing-vaccine second-dose (MCV2) immunization coverage by the locally recommended age (%),MCV2,Canada,CAN,2023,,79.0,79,
Measles-containing-vaccine second-dose (MCV2) immunization coverage by the locally recommended age (%),MCV2,Chad,TCD,2023,,35.0,35,
Measles-containing-vaccine second-dose (MCV2) immunization coverage by the locally recommended age (%),MCV2,Chile,CHL,2023,,70.0,70,
Measles-containing-vaccine second-dose (MCV2) immunization coverage by the locally recommended age (%),MCV2,China,CHN,2023,,95.0,95,
Measles-containing-vaccine second-dose (MCV2) immunization coverage by the locally recommended age (%),MCV2,Colombia,COL,2023,,84.0,84,
Measles-containing-vaccine second-dose (MCV2) immunization coverage by the locally recommended age (%),MCV2,Comoros,COM,2023,,79.0,79,
Measles-containing-vaccine second-dose (MCV2) immunization coverage by the locally recommended age (%),MCV2,Congo,COG,2023,,34.0,34,
Measles-containing-vaccine second-dose (MCV2) immunization coverage by the locally recommended age (%),MCV2,Cook Islands,COK,2023,,77.0,77,
Measles-containing-vaccine second-dose (MCV2) immunization coverage by the locally recommended age (%),MCV2,Costa Rica,CRI,2023,,83.0,83,
Measles-containing-vaccine second-dose (MCV2) immunization coverage by the locally recommended age (%),MCV2,Côte d'Ivoire,CIV,2023,,43.0,43,
Measles-containing-vaccine second-dose (MCV2) immunization coverage by the locally recommended age (%),MCV2,Croatia,HRV,2023,,90.0,90,
Measles-containing-vaccine second-dose (MCV2) immunization coverage by the locally recommended age (%),MCV2,Cuba,CUB,2023,,99.0,99,
Measles-containing-vaccine second-dose (MCV2) immunization coverage by the locally recommended age (%),MCV2,Cyprus,CYP,2023,,80.0,80,
Measles-containing-vaccine second-dose (MCV2) immunization coverage by the locally recommended age (%),MCV2,Czechia,CZE,2023,,90.0,90,
Measles-containing-vaccine second-dose (MCV2) immunization coverage by the locally recommended age (%),MCV2,Democratic People's Republic of Korea,PRK,2023,,16.0,16,
Measles-containing-vaccine second-dose (MCV2) immunization coverage by the locally recommended age (%),MCV2,Democratic Republic of the Congo,COD,2023,,18.0,18,
Measles-containing-vaccine second-dose (MCV2) immunization coverage by the locally recommended age (%),MCV2,Denmark,DNK,2023,,93.0,93,
Measles-containing-vaccine second-dose (MCV2) immunization coverage by the locally recommended age (%),MCV2,Djibouti,DJI,2023,,64.0,64,
Measles-containing-vaccine second-dose (MCV2) immunization coverage by the locally recommended age (%),MCV2,Dominica,DMA,2023,,87.0,87,
Measles-containing-vaccine second-dose (MCV2) immunization coverage by the locally recommended age (%),MCV2,Dominican Republic,DOM,2023,,70.0,70,
Measles-containing-vaccine second-dose (MCV2) immunization coverage by the locally recommended age (%),MCV2,Eastern Mediterranean Region,EMR,2023,,73.0,73,
Measles-containing-vaccine second-dose (MCV2) immunization coverage by the locally recommended age (%),MCV2,Ecuador,ECU,2023,,60.0,60,
Measles-containing-vaccine second-dose (MCV2) immunization coverage by the locally recommended age (%),MCV2,Egypt,EGY,2023,,95.0,95,
Measles-containing-vaccine second-dose (MCV2) immunization coverage by the locally recommended age (%),MCV2,El Salvador,SLV,2023,,71.0,71,
Measles-containing-vaccine second-dose (MCV2) immunization coverage by the locally recommended age (%),MCV2,Equatorial Guinea,GNQ,2023,,28.0,28,
Measles-containing-vaccine second-dose (MCV2) immunization coverage by the locally recommended age (%),MCV2,Eritrea,ERI,2023,,85.0,85,
Measles-containing-vaccine second-dose (MCV2) immunization coverage by the locally recommended age (%),MCV2,Estonia,EST,2023,,84.0,84,
Measles-containing-vaccine second-dose (MCV2) immunization coverage by the locally recommended age (%),MCV2,Eswatini,SWZ,2023,,82.0,82,
Measles-containing-vaccine second-dose (MCV2) immunization coverage by the locally recommended age (%),MCV2,Ethiopia,ETH,2023,,53.0,53,
Measles-containing-vaccine second-dose (MCV2) immunization coverage by the locally recommended age (%),MCV2,European Region,EUR,2023,,91.0,91,
Measles-containing-vaccine second-dose (MCV2) immunization coverage by the locally recommended age (%),MCV2,Fiji,FJI,2023,,83.0,83,
Measles-containing-vaccine second-dose (MCV2) immunization coverage by the locally recommended age (%),MCV2,Finland,FIN,2023,,92.0,92,
Measles-containing-vaccine second-dose (MCV2) immunization coverage by the locally recommended age (%),MCV2,France,FRA,2023,,93.0,93,
Measles-containing-vaccine second-dose (MCV2) immunization coverage by the locally recommended age (%),MCV2,Gambia,GMB,2023,,73.0,73,
Measles-containing-vaccine second-dose (MCV2) immunization coverage by the locally recommended age (%),MCV2,Georgia,GEO,2023,,86.0,86,
Measles-containing-vaccine second-dose (MCV2) immunization coverage by the locally recommended age (%),MCV2,Germany,DEU,2023,,93.0,93,
Measles-containing-vaccine second-dose (MCV2) immunization coverage by the locally recommended age (%),MCV2,Ghana,GHA,2023,,78.0,78,
Measles-containing-vaccine second-dose (MCV2) immunization coverage by the locally recommended age (%),MCV2,Global,GLOBAL,2023,,74.0,74,
Measles-containing-vaccine second-dose (MCV2) immunization coverage by the locally recommended age (%),MCV2,Greece,GRC,2023,,83.0,83,
Measles-containing-vaccine second-dose (MCV2) immunization coverage by the locally recommended age (%),MCV2,Grenada,GRD,2023,,84.0,84,
Measles-containing-vaccine second-dose (MCV2) immunization coverage by the locally recommended age (%),MCV2,Guatemala,GTM,2023,,77.0,77,
Measles-containing-vaccine second-dose (MCV2) immunization coverage by the locally recommended age (%),MCV2,Guinea,GIN,2023,,26.0,26,
Measles-containing-vaccine second-dose (MCV2) immunization coverage by the locally recommended age (%),MCV2,Guinea-Bissau,GNB,2023,,36.0,36,
Measles-containing-vaccine second-dose (MCV2) immunization coverage by the locally recommended age (%),MCV2,Guyana,GUY,2023,,99.0,99,
Measles-containing-vaccine second-dose (MCV2) immunization coverage by the locally recommended age (%),MCV2,Haiti,HTI,2023,,41.0,41,
Measles-containing-vaccine second-dose (MCV2) immunization coverage by the locally recommended age (%),MCV2,Honduras,HND,2023,,74.0,74,
Measles-containing-vaccine second-dose (MCV2) immunization coverage by the locally recommended age (%),MCV2,Hungary,HUN,2023,,99.0,99,
Measles-containing-vaccine second-dose (MCV2) immunization coverage by the locally recommended age (%),MCV2,Iceland,ISL,2023,,89.0,89,
Measles-containing-vaccine second-dose (MCV2) immunization coverage by the locally recommended age (%),MCV2,India,IND,2023,,90.0,90,
Measles-containing-vaccine second-dose (MCV2) immunization coverage by the locally recommended age (%),MCV2,Indonesia,IDN,2023,,62.0,62,
Measles-containing-vaccine second-dose (MCV2) immunization coverage by the locally recommended age (%),MCV2,Iran (Islamic Republic of),IRN,2023,,99.0,99,
Measles-containing-vaccine second-dose (MCV2) immunization coverage by the locally recommended age (%),MCV2,Iraq,IRQ,2023,,83.0,83,
Measles-containing-vaccine second-dose (MCV2) immunization coverage by the locally recommended age (%),MCV2,Israel,ISR,2023,,92.0,92,
Measles-containing-vaccine second-dose (MCV2) immunization coverage by the locally recommended age (%),MCV2,Italy,ITA,2023,,85.0,85,
Measles-containing-vaccine second-dose (MCV2) immunization coverage by the locally recommended age (%),MCV2,Jamaica,JAM,2023,,89.0,89,
Measles-containing-vaccine second-dose (MCV2) immunization coverage by the locally recommended age (%),MCV2,Japan,JPN,2023,,94.0,94,
Measles-containing-vaccine second-dose (MCV2) immunization coverage by the locally recommended age (%),MCV2,Jordan,JOR,2023,,89.0,89,
Measles-containing-vaccine second-dose (MCV2) immunization coverage by the locally recommended age (%),MCV2,Kazakhstan,KAZ,2023,,99.0,99,
Measles-containing-vaccine second-dose (MCV2) immunization coverage by the locally recommended age (%),MCV2,Kenya,KEN,2023,,76.0,76,
Measles-containing-vaccine second-dose (MCV2) immunization coverage by the locally recommended age (%),MCV2,Kiribati,KIR,2023,,47.0,47,
Measles-containing-vaccine second-dose (MCV2) immunization coverage by the locally recommended age (%),MCV2,Kuwait,KWT,2023,,91.0,91,
Measles-containing-vaccine second-dose (MCV2) immunization coverage by the locally recommended age (%),MCV2,Kyrgyzstan,KGZ,2023,,93.0,93,
Measles-containing-vaccine second-dose (MCV2) immunization coverage by the locally recommended age (%),MCV2,Lao People's Democratic Republic,LAO,2023,,68.0,68,
Measles-containing-vaccine second-dose (MCV2) immunization coverage by the locally recommended age (%),MCV2,Latvia,LVA,2023,,92.0,92,
Measles-containing-vaccine second-dose (MCV2) immunization coverage by the locally recommended age (%),MCV2,Lebanon,LBN,2023,,53.0,53,
Measles-containing-vaccine second-dose (MCV2) immunization coverage by the locally recommended age (%),MCV2,Lesotho,LSO,2023,,82.0,82,
Measles-containing-vaccine second-dose (MCV2) immunization coverage by the locally recommended age (%),MCV2,Liberia,LBR,2023,,60.0,60,
Measles-containing-vaccine second-dose (MCV2) immunization coverage by the locally recommended age (%),MCV2,Libya,LBY,2023,,72.0,72,
Measles-containing-vaccine second-dose (MCV2) immunization coverage by the locally recommended age (%),MCV2,Lithuania,LTU,2023,,86.0,86,
Measles-containing-vaccine second-dose (MCV2) immunization coverage by the locally recommended age (%),MCV2,Luxembourg,LUX,2023,,90.0,90,
Measles-containing-vaccine second-dose (MCV2) immunization coverage by the locally recommended age (%),MCV2,Madagascar,MDG,2023,,47.0,47,
Measles-containing-vaccine second-dose (MCV2) immunization coverage by the locally recommended age (%),MCV2,Malawi,MWI,2023,,65.0,65,
Measles-containing-vaccine second-dose (MCV2) immunization coverage by the locally recommended age (%),MCV2,Malaysia,MYS,2023,,96.0,96,
Measles-containing-vaccine second-dose (MCV2) immunization coverage by the locally recommended age (%),MCV2,Maldives,MDV,2023,,99.0,99,
Measles-containing-vaccine second-dose (MCV2) immunization coverage by the locally recommended age (%),MCV2,Mali,MLI,2023,,59.0,59,
Measles-containing-vaccine second-dose (MCV2) immunization coverage by the locally recommended age (%),MCV2,Malta,MLT,2023,,95.0,95,
Measles-containing-vaccine second-dose (MCV2) immunization coverage by the locally recommended age (%),MCV2,Marshall Islands,MHL,2023,,61.0,61,
Measles-containing-vaccine second-dose (MCV2) immunization coverage by the locally recommended age (%),MCV2,Mauritania,MRT,2023,,24.0,24,
Measles-containing-vaccine second-dose (MCV2) immunization coverage by the locally recommended age (%),MCV2,Mauritius,MUS,2023,,94.0,94,
Measles-containing-vaccine second-dose (MCV2) immunization coverage by the locally recommended age (%),MCV2,Mexico,MEX,2023,,74.0,74,
Measles-containing-vaccine second-dose (MCV2) immunization coverage by the locally recommended age (%),MCV2,Micronesia (Federated States of),FSM,2023,,59.0,59,
Measles-containing-vaccine second-dose (MCV2) immunization coverage by the locally recommended age (%),MCV2,Monaco,MCO,2023,,80.0,80,
Measles-containing-vaccine second-dose (MCV2) immunization coverage by the locally recommended age (%),MCV2,Mongolia,MNG,2023,,96.0,96,
Measles-containing-vaccine second-dose (MCV2) immunization coverage by the locally recommended age (%),MCV2,Montenegro,MNE,2023,,69.0,69,
Measles-containing-vaccine second-dose (MCV2) immunization coverage by the locally recommended age (%),MCV2,Morocco,MAR,2023,,99.0,99,
Measles-containing-vaccine second-dose (MCV2) immunization coverage by the locally recommended age (%),MCV2,Mozambique,MOZ,2023,,44.0,44,
Measles-containing-vaccine second-dose (MCV2) immunization coverage by the locally recommended age (%),MCV2,Myanmar,MMR,2023,,65.0,65,
Measles-containing-vaccine second-dose (MCV2) immunization coverage by the locally recommended age (%),MCV2,Namibia,NAM,2023,,62.0,62,
Measles-containing-vaccine second-dose (MCV2) immunization coverage by the locally recommended age (%),MCV2,Nauru,NRU,2023,,99.0,99,
Measles-containing-vaccine second-dose (MCV2) immunization coverage by the locally recommended age (%),MCV2,Nepal,NPL,2023,,89.0,89,
Measles-containing-vaccine second-dose (MCV2) immunization coverage by the locally recommended age (%),MCV2,Netherlands (Kingdom of the),NLD,2023,,81.0,81,
Measles-containing-vaccine second-dose (MCV2) immunization coverage by the locally recommended age (%),MCV2,New Zealand,NZL,2023,,84.0,84,
Measles-containing-vaccine second-dose (MCV2) immunization coverage by the locally recommended age (%),MCV2,Nicaragua,NIC,2023,,95.0,95,
Measles-containing-vaccine second-dose (MCV2) immunization coverage by the locally recommended age (%),MCV2,Niger,NER,2023,,68.0,68,
Measles-containing-vaccine second-dose (MCV2) immunization coverage by the locally recommended age (%),MCV2,Nigeria,NGA,2023,,38.0,38,
Measles-containing-vaccine second-dose (MCV2) immunization coverage by the locally recommended age (%),MCV2,Niue,NIU,2023,,99.0,99,
Measles-containing-vaccine second-dose (MCV2) immunization coverage by the locally recommended age (%),MCV2,North Macedonia,MKD,2023,,88.0,88,
Measles-containing-vaccine second-dose (MCV2) immunization coverage by the locally recommended age (%),MCV2,Norway,NOR,2023,,94.0,94,
Measles-containing-vaccine second-dose (MCV2) immunization coverage by the locally recommended age (%),MCV2,"occupied Palestinian territory, including east Jerusalem",PSE,2023,,89.0,89,
Measles-containing-vaccine second-dose (MCV2) immunization coverage by the locally recommended age (%),MCV2,Oman,OMN,2023,,99.0,99,
Measles-containing-vaccine second-dose (MCV2) immunization coverage by the locally recommended age (%),MCV2,Pakistan,PAK,2023,,80.0,80,
Measles-containing-vaccine second-dose (MCV2) immunization coverage by the locally recommended age (%),MCV2,Palau,PLW,2023,,89.0,89,
Measles-containing-vaccine second-dose (MCV2) immunization coverage by the locally recommended age (%),MCV2,Panama,PAN,2023,,73.0,73,
Measles-containing-vaccine second-dose (MCV2) immunization coverage by the locally recommended age (%),MCV2,Papua New Guinea,PNG,2023,,41.0,41,
Measles-containing-vaccine second-dose (MCV2) immunization coverage by the locally recommended age (%),MCV2,Paraguay,PRY,2023,,57.0,57,
Measles-containing-vaccine second-dose (MCV2) immunization coverage by the locally recommended age (%),MCV2,Peru,PER,2023,,66.0,66,
Measles-containing-vaccine second-dose (MCV2) immunization coverage by the locally recommended age (%),MCV2,Philippines,PHL,2023,,69.0,69,
Measles-containing-vaccine second-dose (MCV2) immunization coverage by the locally recommended age (%),MCV2,Poland,POL,2023,,86.0,86,
Measles-containing-vaccine second-dose (MCV2) immunization coverage by the locally recommended age (%),MCV2,Portugal,PRT,2023,,95.0,95,
Measles-containing-vaccine second-dose (MCV2) immunization coverage by the locally recommended age (%),MCV2,Qatar,QAT,2023,,99.0,99,
Measles-containing-vaccine second-dose (MCV2) immunization coverage by the locally recommended age (%),MCV2,Region of the Americas,AMR,2023,,75.0,75,
Measles-containing-vaccine second-dose (MCV2) immunization coverage by the locally recommended age (%),MCV2,Republic of Korea,KOR,2023,,96.0,96,
Measles-containing-vaccine second-dose (MCV2) immunization coverage by the locally recommended age (%),MCV2,Republic of Moldova,MDA,2023,,93.0,93,
Measles-containing-vaccine second-dose (MCV2) immunization coverage by the locally recommended age (%),MCV2,Romania,ROU,2023,,62.0,62,
Measles-containing-vaccine second-dose (MCV2) immunization coverage by the locally recommended age (%),MCV2,Russian Federation,RUS,2023,,97.0,97,
Measles-containing-vaccine second-dose (MCV2) immunization coverage by the locally recommended age (%),MCV2,Rwanda,RWA,2023,,88.0,88,
Measles-containing-vaccine second-dose (MCV2) immunization coverage by the locally recommended age (%),MCV2,Saint Kitts and Nevis,KNA,2023,,94.0,94,
Measles-containing-vaccine second-dose (MCV2) immunization coverage by the locally recommended age (%),MCV2,Saint Lucia,LCA,2023,,83.0,83,
Measles-containing-vaccine second-dose (MCV2) immunization coverage by the locally recommended age (%),MCV2,Saint Vincent and the Grenadines,VCT,2023,,92.0,92,
Measles-containing-vaccine second-dose (MCV2) immunization coverage by the locally recommended age (%),MCV2,Samoa,WSM,2023,,75.0,75,
Measles-containing-vaccine second-dose (MCV2) immunization coverage by the locally recommended age (%),MCV2,San Marino,SMR,2023,,79.0,79,
Measles-containing-vaccine second-dose (MCV2) immunization coverage by the locally recommended age (%),MCV2,Sao Tome and Principe,STP,2023,,90.0,90,
Measles-containing-vaccine second-dose (MCV2) immunization coverage by the locally recommended age (%),MCV2,Saudi Arabia,SAU,2023,,96.0,96,
Measles-containing-vaccine second-dose (MCV2) immunization coverage by the locally recommended age (%),MCV2,Senegal,SEN,2023,,64.0,64,
Measles-containing-vaccine second-dose (MCV2) immunization coverage by the locally recommended age (%),MCV2,Serbia,SRB,2023,,91.0,91,
Measles-containing-vaccine second-dose (MCV2) immunization coverage by the locally recommended age (%),MCV2,Seychelles,SYC,2023,,89.0,89,
Measles-containing-vaccine second-dose (MCV2) immunization coverage by the locally recommended age (%),MCV2,Sierra Leone,SLE,2023,,73.0,73,
Measles-containing-vaccine second-dose (MCV2) immunization coverage by the locally recommended age (%),MCV2,Singapore,SGP,2023,,92.0,92,
Measles-containing-vaccine second-dose (MCV2) immunization coverage by the locally recommended age (%),MCV2,Slovakia,SVK,2023,,95.0,95,
Measles-containing-vaccine second-dose (MCV2) immunization coverage by the locally recommended age (%),MCV2,Slovenia,SVN,2023,,89.0,89,
Measles-containing-vaccine second-dose (MCV2) immunization coverage by the locally recommended age (%),MCV2,Solomon Islands,SLB,2023,,48.0,48,
Measles-containing-vaccine second-dose (MCV2) immunization coverage by the locally recommended age (%),MCV2,Somalia,SOM,2023,,13.0,13,
Measles-containing-vaccine second-dose (MCV2) immunization coverage by the locally recommended age (%),MCV2,South Africa,ZAF,2023,,84.0,84,
Measles-containing-vaccine second-dose (MCV2) immunization coverage by the locally recommended age (%),MCV2,South-East Asia Region,SEAR,2023,,85.0,85,
Measles-containing-vaccine second-dose (MCV2) immunization coverage by the locally recommended age (%),MCV2,Spain,ESP,2023,,92.0,92,
Measles-containing-vaccine second-dose (MCV2) immunization coverage by the locally recommended age (%),MCV2,Sri Lanka,LKA,2023,,99.0,99,
Measles-containing-vaccine second-dose (MCV2) immunization coverage by the locally recommended age (%),MCV2,Sudan,SDN,2023,,38.0,38,
Measles-containing-vaccine second-dose (MCV2) immunization coverage by the locally recommended age (%),MCV2,Suriname,SUR,2023,,52.0,52,
Measles-containing-vaccine second-dose (MCV2) immunization coverage by the locally recommended age (%),MCV2,Sweden,SWE,2023,,92.0,92,
Measles-containing-vaccine second-dose (MCV2) immunization coverage by the locally recommended age (%),MCV2,Switzerland,CHE,2023,,91.0,91,
Measles-containing-vaccine second-dose (MCV2) immunization coverage by the locally recommended age (%),MCV2,Syrian Arab Republic,SYR,2023,,64.0,64,
Measles-containing-vaccine second-dose (MCV2) immunization coverage by the locally recommended age (%),MCV2,Tajikistan,TJK,2023,,96.0,96,
Measles-containing-vaccine second-dose (MCV2) immunization coverage by the locally recommended age (%),MCV2,Thailand,THA,2023,,87.0,87,
Measles-containing-vaccine second-dose (MCV2) immunization coverage by the locally recommended age (%),MCV2,Timor-Leste,TLS,2023,,72.0,72,
Measles-containing-vaccine second-dose (MCV2) immunization coverage by the locally recommended age (%),MCV2,Togo,TGO,2023,,58.0,58,
Measles-containing-vaccine second-dose (MCV2) immunization coverage by the locally recommended age (%),MCV2,Tonga,TON,2023,,99.0,99,
Measles-containing-vaccine second-dose (MCV2) immunization coverage by the locally recommended age (%),MCV2,Trinidad and Tobago,TTO,2023,,91.0,91,
Measles-containing-vaccine second-dose (MCV2) immunization coverage by the locally recommended age (%),MCV2,Tunisia,TUN,2023,,97.0,97,
Measles-containing-vaccine second-dose (MCV2) immunization coverage by the locally recommended age (%),MCV2,Türkiye,TUR,2023,,94.0,94,
Measles-containing-vaccine second-dose (MCV2) immunization coverage by the locally recommended age (%),MCV2,Turkmenistan,TKM,2023,,99.0,99,
Measles-containing-vaccine second-dose (MCV2) immunization coverage by the locally recommended age (%),MCV2,Tuvalu,TUV,2023,,98.0,98,
Measles-containing-vaccine second-dose (MCV2) immunization coverage by the locally recommended age (%),MCV2,Uganda,UGA,2023,,21.0,21,
Measles-containing-vaccine second-dose (MCV2) immunization coverage by the locally recommended age (%),MCV2,Ukraine,UKR,2023,,87.0,87,
Measles-containing-vaccine second-dose (MCV2) immunization coverage by the locally recommended age (%),MCV2,United Arab Emirates,ARE,2023,,94.0,94,
Measles-containing-vaccine second-dose (MCV2) immunization coverage by the locally recommended age (%),MCV2,United Kingdom,GBR,2023,,85.0,85,
Measles-containing-vaccine second-dose (MCV2) immunization coverage by the locally recommended age (%),MCV2,United Republic of Tanzania,TZA,2023,,78.0,78,
Measles-containing-vaccine second-dose (MCV2) immunization coverage by the locally recommended age (%),MCV2,United States of America,USA,2023,,95.0,95,
Measles-containing-vaccine second-dose (MCV2) immunization coverage by the locally recommended age (%),MCV2,Uruguay,URY,2023,,90.0,90,
Measles-containing-vaccine second-dose (MCV2) immunization coverage by the locally recommended age (%),MCV2,Uzbekistan,UZB,2023,,99.0,99,
Measles-containing-vaccine second-dose (MCV2) immunization coverage by the locally recommended age (%),MCV2,Vanuatu,VUT,2023,,21.0,21,
Measles-containing-vaccine second-dose (MCV2) immunization coverage by the locally recommended age (%),MCV2,Venezuela (Bolivarian Republic of),VEN,2023,,40.0,40,
Measles-containing-vaccine second-dose (MCV2) immunization coverage by the locally recommended age (%),MCV2,Viet Nam,VNM,2023,,86.0,86,
Measles-containing-vaccine second-dose (MCV2) immunization coverage by the locally recommended age (%),MCV2,Western Pacific Region,WPR,2023,,90.0,90,
Measles-containing-vaccine second-dose (MCV2) immunization coverage by the locally recommended age (%),MCV2,Yemen,YEM,2023,,45.0,45,
Measles-containing-vaccine second-dose (MCV2) immunization coverage by the locally recommended age (%),MCV2,Zambia,ZMB,2023,,75.0,75,
Measles-containing-vaccine second-dose (MCV2) immunization coverage by the locally recommended age (%),MCV2,Zimbabwe,ZWE,2023,,77.0,77,
Pneumococcal conjugate 3rd dose (PCV3) immunization coverage  among 1-year olds (%),PCV3,Afghanistan,AFG,2023,,58.0,58,
Pneumococcal conjugate 3rd dose (PCV3) immunization coverage  among 1-year olds (%),PCV3,African Region,AFR,2023,,70.0,70,
Pneumococcal conjugate 3rd dose (PCV3) immunization coverage  among 1-year olds (%),PCV3,Albania,ALB,2023,,85.0,85,
Pneumococcal conjugate 3rd dose (PCV3) immunization coverage  among 1-year olds (%),PCV3,Algeria,DZA,2023,,89.0,89,
Pneumococcal conjugate 3rd dose (PCV3) immunization coverage  among 1-year olds (%),PCV3,Andorra,AND,2023,,94.0,94,
Pneumococcal conjugate 3rd dose (PCV3) immunization coverage  among 1-year olds (%),PCV3,Angola,AGO,2023,,49.0,49,
Pneumococcal conjugate 3rd dose (PCV3) immunization coverage  among 1-year olds (%),PCV3,Argentina,ARG,2023,,71.0,71,
Pneumococcal conjugate 3rd dose (PCV3) immunization coverage  among 1-year olds (%),PCV3,Armenia,ARM,2023,,94.0,94,
Pneumococcal conjugate 3rd dose (PCV3) immunization coverage  among 1-year olds (%),PCV3,Australia,AUS,2023,,95.0,95,
Pneumococcal conjugate 3rd dose (PCV3) immunization coverage  among 1-year olds (%),PCV3,Azerbaijan,AZE,2023,,82.0,82,
Pneumococcal conjugate 3rd dose (PCV3) immunization coverage  among 1-year olds (%),PCV3,Bahamas,BHS,2023,,81.0,81,
Pneumococcal conjugate 3rd dose (PCV3) immunization coverage  among 1-year olds (%),PCV3,Bahrain,BHR,2023,,98.0,98,
Pneumococcal conjugate 3rd dose (PCV3) immunization coverage  among 1-year olds (%),PCV3,Bangladesh,BGD,2023,,99.0,99,
Pneumococcal conjugate 3rd dose (PCV3) immunization coverage  among 1-year olds (%),PCV3,Barbados,BRB,2023,,86.0,86,
Pneumococcal conjugate 3rd dose (PCV3) immunization coverage  among 1-year olds (%),PCV3,Belgium,BEL,2023,,94.0,94,
Pneumococcal conjugate 3rd dose (PCV3) immunization coverage  among 1-year olds (%),PCV3,Benin,BEN,2023,,69.0,69,
Pneumococcal conjugate 3rd dose (PCV3) immunization coverage  among 1-year olds (%),PCV3,Bhutan,BTN,2023,,99.0,99,
Pneumococcal conjugate 3rd dose (PCV3) immunization coverage  among 1-year olds (%),PCV3,Bolivia (Plurinational State of),BOL,2023,,68.0,68,
Pneumococcal conjugate 3rd dose (PCV3) immunization coverage  among 1-year olds (%),PCV3,Botswana,BWA,2023,,81.0,81,
Pneumococcal conjugate 3rd dose (PCV3) immunization coverage  among 1-year olds (%),PCV3,Brazil,BRA,2023,,74.0,74,
Pneumococcal conjugate 3rd dose (PCV3) immunization coverage  among 1-year olds (%),PCV3,Bulgaria,BGR,2023,,87.0,87,
Pneumococcal conjugate 3rd dose (PCV3) immunization coverage  among 1-year olds (%),PCV3,Burkina Faso,BFA,2023,,92.0,92,
Pneumococcal conjugate 3rd dose (PCV3) immunization coverage  among 1-year olds (%),PCV3,Burundi,BDI,2023,,88.0,88,
Pneumococcal conjugate 3rd dose (PCV3) immunization coverage  among 1-year olds (%),PCV3,Cambodia,KHM,2023,,82.0,82,
Pneumococcal conjugate 3rd dose (PCV3) immunization coverage  among 1-year olds (%),PCV3,Cameroon,CMR,2023,,75.0,75,
Pneumococcal conjugate 3rd dose (PCV3) immunization coverage  among 1-year olds (%),PCV3,Canada,CAN,2023,,85.0,85,
Pneumococcal conjugate 3rd dose (PCV3) immunization coverage  among 1-year olds (%),PCV3,Central African Republic,CAF,2023,,40.0,40,
Pneumococcal conjugate 3rd dose (PCV3) immunization coverage  among 1-year olds (%),PCV3,Chile,CHL,2023,,93.0,93,
Pneumococcal conjugate 3rd dose (PCV3) immunization coverage  among 1-year olds (%),PCV3,Colombia,COL,2023,,90.0,90,
Pneumococcal conjugate 3rd dose (PCV3) immunization coverage  among 1-year olds (%),PCV3,Congo,COG,2023,,76.0,76,
Pneumococcal conjugate 3rd dose (PCV3) immunization coverage  among 1-year olds (%),PCV3,Cook Islands,COK,2023,,77.0,77,
Pneumococcal conjugate 3rd dose (PCV3) immunization coverage  among 1-year olds (%),PCV3,Costa Rica,CRI,2023,,99.0,99,
Pneumococcal conjugate 3rd dose (PCV3) immunization coverage  among 1-year olds (%),PCV3,Côte d'Ivoire,CIV,2023,,79.0,79,
Pneumococcal conjugate 3rd dose (PCV3) immunization coverage  among 1-year olds (%),PCV3,Croatia,HRV,2023,,90.0,90,
Pneumococcal conjugate 3rd dose (PCV3) immunization coverage  among 1-year olds (%),PCV3,Cyprus,CYP,2023,,74.0,74,
Pneumococcal conjugate 3rd dose (PCV3) immunization coverage  among 1-year olds (%),PCV3,Democratic Republic of the Congo,COD,2023,,59.0,59,
Pneumococcal conjugate 3rd dose (PCV3) immunization coverage  among 1-year olds (%),PCV3,Denmark,DNK,2023,,97.0,97,
Pneumococcal conjugate 3rd dose (PCV3) immunization coverage  among 1-year olds (%),PCV3,Djibouti,DJI,2023,,72.0,72,
Pneumococcal conjugate 3rd dose (PCV3) immunization coverage  among 1-year olds (%),PCV3,Dominican Republic,DOM,2023,,86.0,86,
Pneumococcal conjugate 3rd dose (PCV3) immunization coverage  among 1-year olds (%),PCV3,Eastern Mediterranean Region,EMR,2023,,52.0,52,
Pneumococcal conjugate 3rd dose (PCV3) immunization coverage  among 1-year olds (%),PCV3,Ecuador,ECU,2023,,71.0,71,
Pneumococcal conjugate 3rd dose (PCV3) immunization coverage  among 1-year olds (%),PCV3,El Salvador,SLV,2023,,99.0,99,
Pneumococcal conjugate 3rd dose (PCV3) immunization coverage  among 1-year olds (%),PCV3,Eritrea,ERI,2023,,95.0,95,
Pneumococcal conjugate 3rd dose (PCV3) immunization coverage  among 1-year olds (%),PCV3,Eswatini,SWZ,2023,,66.0,66,
Pneumococcal conjugate 3rd dose (PCV3) immunization coverage  among 1-year olds (%),PCV3,Ethiopia,ETH,2023,,69.0,69,
Pneumococcal conjugate 3rd dose (PCV3) immunization coverage  among 1-year olds (%),PCV3,European Region,EUR,2023,,86.0,86,
Pneumococcal conjugate 3rd dose (PCV3) immunization coverage  among 1-year olds (%),PCV3,Fiji,FJI,2023,,99.0,99,
Pneumococcal conjugate 3rd dose (PCV3) immunization coverage  among 1-year olds (%),PCV3,Finland,FIN,2023,,87.0,87,
Pneumococcal conjugate 3rd dose (PCV3) immunization coverage  among 1-year olds (%),PCV3,France,FRA,2023,,96.0,96,
Pneumococcal conjugate 3rd dose (PCV3) immunization coverage  among 1-year olds (%),PCV3,Gambia,GMB,2023,,80.0,80,
Pneumococcal conjugate 3rd dose (PCV3) immunization coverage  among 1-year olds (%),PCV3,Georgia,GEO,2023,,86.0,86,
Pneumococcal conjugate 3rd dose (PCV3) immunization coverage  among 1-year olds (%),PCV3,Germany,DEU,2023,,82.0,82,
Pneumococcal conjugate 3rd dose (PCV3) immunization coverage  among 1-year olds (%),PCV3,Ghana,GHA,2023,,96.0,96,
Pneumococcal conjugate 3rd dose (PCV3) immunization coverage  among 1-year olds (%),PCV3,Global,GLOBAL,2023,,65.0,65,
Pneumococcal conjugate 3rd dose (PCV3) immunization coverage  among 1-year olds (%),PCV3,Greece,GRC,2023,,96.0,96,
Pneumococcal conjugate 3rd dose (PCV3) immunization coverage  among 1-year olds (%),PCV3,Guatemala,GTM,2023,,87.0,87,
Pneumococcal conjugate 3rd dose (PCV3) immunization coverage  among 1-year olds (%),PCV3,Guinea-Bissau,GNB,2023,,74.0,74,
Pneumococcal conjugate 3rd dose (PCV3) immunization coverage  among 1-year olds (%),PCV3,Guyana,GUY,2023,,95.0,95,
Pneumococcal conjugate 3rd dose (PCV3) immunization coverage  among 1-year olds (%),PCV3,Haiti,HTI,2023,,51.0,51,
Pneumococcal conjugate 3rd dose (PCV3) immunization coverage  among 1-year olds (%),PCV3,Honduras,HND,2023,,73.0,73,
Pneumococcal conjugate 3rd dose (PCV3) immunization coverage  among 1-year olds (%),PCV3,Hungary,HUN,2023,,99.0,99,
Pneumococcal conjugate 3rd dose (PCV3) immunization coverage  among 1-year olds (%),PCV3,Iceland,ISL,2023,,92.0,92,
Pneumococcal conjugate 3rd dose (PCV3) immunization coverage  among 1-year olds (%),PCV3,India,IND,2023,,83.0,83,
Pneumococcal conjugate 3rd dose (PCV3) immunization coverage  among 1-year olds (%),PCV3,Indonesia,IDN,2023,,31.0,31,
Pneumococcal conjugate 3rd dose (PCV3) immunization coverage  among 1-year olds (%),PCV3,Iraq,IRQ,2023,,14.0,14,
Pneumococcal conjugate 3rd dose (PCV3) immunization coverage  among 1-year olds (%),PCV3,Ireland,IRL,2023,,83.0,83,
Pneumococcal conjugate 3rd dose (PCV3) immunization coverage  among 1-year olds (%),PCV3,Israel,ISR,2023,,94.0,94,
Pneumococcal conjugate 3rd dose (PCV3) immunization coverage  among 1-year olds (%),PCV3,Italy,ITA,2023,,92.0,92,
Pneumococcal conjugate 3rd dose (PCV3) immunization coverage  among 1-year olds (%),PCV3,Japan,JPN,2023,,97.0,97,
Pneumococcal conjugate 3rd dose (PCV3) immunization coverage  among 1-year olds (%),PCV3,Kazakhstan,KAZ,2023,,98.0,98,
Pneumococcal conjugate 3rd dose (PCV3) immunization coverage  among 1-year olds (%),PCV3,Kenya,KEN,2023,,91.0,91,
Pneumococcal conjugate 3rd dose (PCV3) immunization coverage  among 1-year olds (%),PCV3,Kiribati,KIR,2023,,91.0,91,
Pneumococcal conjugate 3rd dose (PCV3) immunization coverage  among 1-year olds (%),PCV3,Kuwait,KWT,2023,,99.0,99,
Pneumococcal conjugate 3rd dose (PCV3) immunization coverage  among 1-year olds (%),PCV3,Kyrgyzstan,KGZ,2023,,91.0,91,
Pneumococcal conjugate 3rd dose (PCV3) immunization coverage  among 1-year olds (%),PCV3,Lao People's Democratic Republic,LAO,2023,,81.0,81,
Pneumococcal conjugate 3rd dose (PCV3) immunization coverage  among 1-year olds (%),PCV3,Latvia,LVA,2023,,95.0,95,
Pneumococcal conjugate 3rd dose (PCV3) immunization coverage  among 1-year olds (%),PCV3,Lebanon,LBN,2023,,65.0,65,
Pneumococcal conjugate 3rd dose (PCV3) immunization coverage  among 1-year olds (%),PCV3,Lesotho,LSO,2023,,87.0,87,
Pneumococcal conjugate 3rd dose (PCV3) immunization coverage  among 1-year olds (%),PCV3,Liberia,LBR,2023,,80.0,80,
Pneumococcal conjugate 3rd dose (PCV3) immunization coverage  among 1-year olds (%),PCV3,Libya,LBY,2023,,73.0,73,
Pneumococcal conjugate 3rd dose (PCV3) immunization coverage  among 1-year olds (%),PCV3,Lithuania,LTU,2023,,82.0,82,
Pneumococcal conjugate 3rd dose (PCV3) immunization coverage  among 1-year olds (%),PCV3,Luxembourg,LUX,2023,,96.0,96,
Pneumococcal conjugate 3rd dose (PCV3) immunization coverage  among 1-year olds (%),PCV3,Madagascar,MDG,2023,,73.0,73,
Pneumococcal conjugate 3rd dose (PCV3) immunization coverage  among 1-year olds (%),PCV3,Malawi,MWI,2023,,91.0,91,
Pneumococcal conjugate 3rd dose (PCV3) immunization coverage  among 1-year olds (%),PCV3,Malaysia,MYS,2023,,95.0,95,
Pneumococcal conjugate 3rd dose (PCV3) immunization coverage  among 1-year olds (%),PCV3,Mali,MLI,2023,,77.0,77,
Pneumococcal conjugate 3rd dose (PCV3) immunization coverage  among 1-year olds (%),PCV3,Malta,MLT,2023,,97.0,97,
Pneumococcal conjugate 3rd dose (PCV3) immunization coverage  among 1-year olds (%),PCV3,Marshall Islands,MHL,2023,,62.0,62,
Pneumococcal conjugate 3rd dose (PCV3) immunization coverage  among 1-year olds (%),PCV3,Mauritania,MRT,2023,,90.0,90,
Pneumococcal conjugate 3rd dose (PCV3) immunization coverage  among 1-year olds (%),PCV3,Mauritius,MUS,2023,,91.0,91,
Pneumococcal conjugate 3rd dose (PCV3) immunization coverage  among 1-year olds (%),PCV3,Mexico,MEX,2023,,78.0,78,
Pneumococcal conjugate 3rd dose (PCV3) immunization coverage  among 1-year olds (%),PCV3,Micronesia (Federated States of),FSM,2023,,73.0,73,
Pneumococcal conjugate 3rd dose (PCV3) immunization coverage  among 1-year olds (%),PCV3,Mongolia,MNG,2023,,96.0,96,
Pneumococcal conjugate 3rd dose (PCV3) immunization coverage  among 1-year olds (%),PCV3,Morocco,MAR,2023,,98.0,98,
Pneumococcal conjugate 3rd dose (PCV3) immunization coverage  among 1-year olds (%),PCV3,Mozambique,MOZ,2023,,55.0,55,
Pneumococcal conjugate 3rd dose (PCV3) immunization coverage  among 1-year olds (%),PCV3,Myanmar,MMR,2023,,78.0,78,
Pneumococcal conjugate 3rd dose (PCV3) immunization coverage  among 1-year olds (%),PCV3,Namibia,NAM,2023,,83.0,83,
Pneumococcal conjugate 3rd dose (PCV3) immunization coverage  among 1-year olds (%),PCV3,Nauru,NRU,2023,,97.0,97,
Pneumococcal conjugate 3rd dose (PCV3) immunization coverage  among 1-year olds (%),PCV3,Nepal,NPL,2023,,88.0,88,
Pneumococcal conjugate 3rd dose (PCV3) immunization coverage  among 1-year olds (%),PCV3,Netherlands (Kingdom of the),NLD,2023,,88.0,88,
Pneumococcal conjugate 3rd dose (PCV3) immunization coverage  among 1-year olds (%),PCV3,New Zealand,NZL,2023,,86.0,86,
Pneumococcal conjugate 3rd dose (PCV3) immunization coverage  among 1-year olds (%),PCV3,Nicaragua,NIC,2023,,90.0,90,
Pneumococcal conjugate 3rd dose (PCV3) immunization coverage  among 1-year olds (%),PCV3,Niger,NER,2023,,85.0,85,
Pneumococcal conjugate 3rd dose (PCV3) immunization coverage  among 1-year olds (%),PCV3,Nigeria,NGA,2023,,60.0,60,
Pneumococcal conjugate 3rd dose (PCV3) immunization coverage  among 1-year olds (%),PCV3,Niue,NIU,2023,,99.0,99,
Pneumococcal conjugate 3rd dose (PCV3) immunization coverage  among 1-year olds (%),PCV3,North Macedonia,MKD,2023,,56.0,56,
Pneumococcal conjugate 3rd dose (PCV3) immunization coverage  among 1-year olds (%),PCV3,Norway,NOR,2023,,95.0,95,
Pneumococcal conjugate 3rd dose (PCV3) immunization coverage  among 1-year olds (%),PCV3,"occupied Palestinian territory, including east Jerusalem",PSE,2023,,87.0,87,
Pneumococcal conjugate 3rd dose (PCV3) immunization coverage  among 1-year olds (%),PCV3,Oman,OMN,2023,,99.0,99,
Pneumococcal conjugate 3rd dose (PCV3) immunization coverage  among 1-year olds (%),PCV3,Pakistan,PAK,2023,,86.0,86,
Pneumococcal conjugate 3rd dose (PCV3) immunization coverage  among 1-year olds (%),PCV3,Palau,PLW,2023,,93.0,93,
Pneumococcal conjugate 3rd dose (PCV3) immunization coverage  among 1-year olds (%),PCV3,Panama,PAN,2023,,69.0,69,
Pneumococcal conjugate 3rd dose (PCV3) immunization coverage  among 1-year olds (%),PCV3,Papua New Guinea,PNG,2023,,29.0,29,
Pneumococcal conjugate 3rd dose (PCV3) immunization coverage  among 1-year olds (%),PCV3,Paraguay,PRY,2023,,77.0,77,
Pneumococcal conjugate 3rd dose (PCV3) immunization coverage  among 1-year olds (%),PCV3,Peru,PER,2023,,80.0,80,
Pneumococcal conjugate 3rd dose (PCV3) immunization coverage  among 1-year olds (%),PCV3,Philippines,PHL,2023,,85.0,85,
Pneumococcal conjugate 3rd dose (PCV3) immunization coverage  among 1-year olds (%),PCV3,Poland,POL,2023,,88.0,88,
Pneumococcal conjugate 3rd dose (PCV3) immunization coverage  among 1-year olds (%),PCV3,Portugal,PRT,2023,,98.0,98,
Pneumococcal conjugate 3rd dose (PCV3) immunization coverage  among 1-year olds (%),PCV3,Qatar,QAT,2023,,97.0,97,
Pneumococcal conjugate 3rd dose (PCV3) immunization coverage  among 1-year olds (%),PCV3,Region of the Americas,AMR,2023,,76.0,76,
Pneumococcal conjugate 3rd dose (PCV3) immunization coverage  among 1-year olds (%),PCV3,Republic of Korea,KOR,2023,,97.0,97,
Pneumococcal conjugate 3rd dose (PCV3) immunization coverage  among 1-year olds (%),PCV3,Republic of Moldova,MDA,2023,,85.0,85,
Pneumococcal conjugate 3rd dose (PCV3) immunization coverage  among 1-year olds (%),PCV3,Romania,ROU,2023,,78.0,78,
Pneumococcal conjugate 3rd dose (PCV3) immunization coverage  among 1-year olds (%),PCV3,Russian Federation,RUS,2023,,93.0,93,
Pneumococcal conjugate 3rd dose (PCV3) immunization coverage  among 1-year olds (%),PCV3,Rwanda,RWA,2023,,94.0,94,
Pneumococcal conjugate 3rd dose (PCV3) immunization coverage  among 1-year olds (%),PCV3,Samoa,WSM,2023,,93.0,93,
Pneumococcal conjugate 3rd dose (PCV3) immunization coverage  among 1-year olds (%),PCV3,San Marino,SMR,2023,,83.0,83,
Pneumococcal conjugate 3rd dose (PCV3) immunization coverage  among 1-year olds (%),PCV3,Sao Tome and Principe,STP,2023,,86.0,86,
Pneumococcal conjugate 3rd dose (PCV3) immunization coverage  among 1-year olds (%),PCV3,Saudi Arabia,SAU,2023,,97.0,97,
Pneumococcal conjugate 3rd dose (PCV3) immunization coverage  among 1-year olds (%),PCV3,Senegal,SEN,2023,,80.0,80,
Pneumococcal conjugate 3rd dose (PCV3) immunization coverage  among 1-year olds (%),PCV3,Serbia,SRB,2023,,82.0,82,
Pneumococcal conjugate 3rd dose (PCV3) immunization coverage  among 1-year olds (%),PCV3,Seychelles,SYC,2023,,97.0,97,
Pneumococcal conjugate 3rd dose (PCV3) immunization coverage  among 1-year olds (%),PCV3,Sierra Leone,SLE,2023,,93.0,93,
Pneumococcal conjugate 3rd dose (PCV3) immunization coverage  among 1-year olds (%),PCV3,Singapore,SGP,2023,,93.0,93,
Pneumococcal conjugate 3rd dose (PCV3) immunization coverage  among 1-year olds (%),PCV3,Slovakia,SVK,2023,,96.0,96,
Pneumococcal conjugate 3rd dose (PCV3) immunization coverage  among 1-year olds (%),PCV3,Slovenia,SVN,2023,,58.0,58,
Pneumococcal conjugate 3rd dose (PCV3) immunization coverage  among 1-year olds (%),PCV3,Solomon Islands,SLB,2023,,81.0,81,
Pneumococcal conjugate 3rd dose (PCV3) immunization coverage  among 1-year olds (%),PCV3,South Africa,ZAF,2023,,84.0,84,
Pneumococcal conjugate 3rd dose (PCV3) immunization coverage  among 1-year olds (%),PCV3,South-East Asia Region,SEAR,2023,,75.0,75,
Pneumococcal conjugate 3rd dose (PCV3) immunization coverage  among 1-year olds (%),PCV3,Spain,ESP,2023,,92.0,92,
Pneumococcal conjugate 3rd dose (PCV3) immunization coverage  among 1-year olds (%),PCV3,Sudan,SDN,2023,,52.0,52,
Pneumococcal conjugate 3rd dose (PCV3) immunization coverage  among 1-year olds (%),PCV3,Sweden,SWE,2023,,94.0,94,
Pneumococcal conjugate 3rd dose (PCV3) immunization coverage  among 1-year olds (%),PCV3,Switzerland,CHE,2023,,89.0,89,
Pneumococcal conjugate 3rd dose (PCV3) immunization coverage  among 1-year olds (%),PCV3,Tajikistan,TJK,2023,,31.0,31,
Pneumococcal conjugate 3rd dose (PCV3) immunization coverage  among 1-year olds (%),PCV3,Timor-Leste,TLS,2023,,56.0,56,
Pneumococcal conjugate 3rd dose (PCV3) immunization coverage  among 1-year olds (%),PCV3,Togo,TGO,2023,,85.0,85,
Pneumococcal conjugate 3rd dose (PCV3) immunization coverage  among 1-year olds (%),PCV3,Tonga,TON,2023,,99.0,99,
Pneumococcal conjugate 3rd dose (PCV3) immunization coverage  among 1-year olds (%),PCV3,Trinidad and Tobago,TTO,2023,,94.0,94,
Pneumococcal conjugate 3rd dose (PCV3) immunization coverage  among 1-year olds (%),PCV3,Tunisia,TUN,2023,,97.0,97,
Pneumococcal conjugate 3rd dose (PCV3) immunization coverage  among 1-year olds (%),PCV3,Türkiye,TUR,2023,,95.0,95,
Pneumococcal conjugate 3rd dose (PCV3) immunization coverage  among 1-year olds (%),PCV3,Turkmenistan,TKM,2023,,99.0,99,
Pneumococcal conjugate 3rd dose (PCV3) immunization coverage  among 1-year olds (%),PCV3,Tuvalu,TUV,2023,,98.0,98,
Pneumococcal conjugate 3rd dose (PCV3) immunization coverage  among 1-year olds (%),PCV3,Uganda,UGA,2023,,91.0,91,
Pneumococcal conjugate 3rd dose (PCV3) immunization coverage  among 1-year olds (%),PCV3,United Arab Emirates,ARE,2023,,94.0,94,
Pneumococcal conjugate 3rd dose (PCV3) immunization coverage  among 1-year olds (%),PCV3,United Kingdom,GBR,2023,,89.0,89,
Pneumococcal conjugate 3rd dose (PCV3) immunization coverage  among 1-year olds (%),PCV3,United Republic of Tanzania,TZA,2023,,92.0,92,
Pneumococcal conjugate 3rd dose (PCV3) immunization coverage  among 1-year olds (%),PCV3,United States of America,USA,2023,,84.0,84,
Pneumococcal conjugate 3rd dose (PCV3) immunization coverage  among 1-year olds (%),PCV3,Uruguay,URY,2023,,94.0,94,
Pneumococcal conjugate 3rd dose (PCV3) immunization coverage  among 1-year olds (%),PCV3,Uzbekistan,UZB,2023,,99.0,99,
Pneumococcal conjugate 3rd dose (PCV3) immunization coverage  among 1-year olds (%),PCV3,Vanuatu,VUT,2023,,63.0,63,
Pneumococcal conjugate 3rd dose (PCV3) immunization coverage  among 1-year olds (%),PCV3,Venezuela (Bolivarian Republic of),VEN,2023,,0.0,0,
Pneumococcal conjugate 3rd dose (PCV3) immunization coverage  among 1-year olds (%),PCV3,Western Pacific Region,WPR,2023,,26.0,26,
Pneumococcal conjugate 3rd dose (PCV3) immunization coverage  among 1-year olds (%),PCV3,Yemen,YEM,2023,,45.0,45,
Pneumococcal conjugate 3rd dose (PCV3) immunization coverage  among 1-year olds (%),PCV3,Zambia,ZMB,2023,,78.0,78,
Pneumococcal conjugate 3rd dose (PCV3) immunization coverage  among 1-year olds (%),PCV3,Zimbabwe,ZWE,2023,,90.0,90,
